updateDate	line	rule	project	effort	type	cleanCodeAttribute	internalTags	issueStatus	flows	scope	externalRuleEngine	key	severity	comments	author	fromSonarQubeUpdate	cleanCodeAttributeCategory	linkedTicketStatus	messageFormattings	impacts	message	creationDate	quickFixAvailable	tags	codeVariants	component	prioritizedRule	textRange	debt	hash	status
2026-05-08T11:39:53+0000	154.0	csharpsquid:S6966	fiap-pos	5min	CODE_SMELL	COMPLETE		OPEN		MAIN	-	c50cd8ba-6fcf-469f-b1da-530120119441	MAJOR			false	INTENTIONAL	NOT_LINKED		"{softwareQuality=RELIABILITY, severity=MEDIUM} / "	Await RunAsync instead.	2026-05-08T11:39:53+0000	false	"async-await / "		fiap-pos:src/API/Program.cs	false	{startLine=154.0, endLine=154.0, startOffset=0.0, endOffset=9.0}	5min	2c00f42b764b8134043380893434076b	OPEN
2026-05-08T11:39:53+0000	24.0	external_roslyn:CS1591	fiap-pos	0min	CODE_SMELL	CONVENTIONAL		OPEN		MAIN	roslyn	34fd7e0d-2782-42d1-bc43-e3fe18738ec6	MAJOR		kenjigashu@gmail.com	false	CONSISTENT	NOT_LINKED		"{softwareQuality=MAINTAINABILITY, severity=MEDIUM} / "	Missing XML comment for publicly visible type or member 'ConfirmacaoEmailController.ConfirmacaoEmailController(INotificacaoService)'	2026-05-06T22:01:52+0000	false			fiap-pos:src/API/Notificacao/Controllers/ConfirmacaoEmailController.cs	false	{startLine=24.0, endLine=24.0, startOffset=11.0, endOffset=37.0}	0min	1f84229b02d6b6791e6375d945b81522	OPEN
2026-05-08T11:39:53+0000	62.0	csharpsquid:S112	fiap-pos	20min	CODE_SMELL	COMPLETE		OPEN		MAIN	-	6df68135-6e80-4987-a0d7-a717224c14a7	MAJOR		kenjigashu@gmail.com	false	INTENTIONAL	NOT_LINKED		"{softwareQuality=MAINTAINABILITY, severity=MEDIUM} / "	'System.Exception' should not be thrown by user code.	2026-05-06T22:01:52+0000	false	"cwe / error-handling / "		fiap-pos:src/Application/Identidade/Services/IdentidadeService.cs	false	{startLine=62.0, endLine=62.0, startOffset=18.0, endOffset=51.0}	20min	b99e9a59f14180434095df3461ac3713	OPEN
2026-05-08T11:39:53+0000	25.0	csharpsquid:S1104	fiap-pos	10min	CODE_SMELL	MODULAR		OPEN		MAIN	-	06cd0acb-ad7f-4abf-ac91-09950542d33a	MINOR		kenjigashu@gmail.com	false	ADAPTABLE	NOT_LINKED		"{softwareQuality=MAINTAINABILITY, severity=LOW} / "	Make this field 'private' and encapsulate it in a 'public' property.	2026-05-06T22:01:52+0000	false	"cwe / "		fiap-pos:src/Application/Notificacao/DTOs/AprovacaoOrcamentoDto.cs	false	{startLine=25.0, endLine=25.0, startOffset=25.0, endOffset=29.0}	10min	b11d092c300d38d5c1f2890fe70fecf3	OPEN
2026-05-08T11:39:53+0000	181.0	csharpsquid:S112	fiap-pos	20min	CODE_SMELL	COMPLETE		OPEN		MAIN	-	2b33e763-dbd6-4f4b-881c-ce4848fbd08e	MAJOR		kenjigashu@gmail.com	false	INTENTIONAL	NOT_LINKED		"{softwareQuality=MAINTAINABILITY, severity=MEDIUM} / "	'System.Exception' should not be thrown by user code.	2026-05-06T22:01:52+0000	false	"cwe / error-handling / "		fiap-pos:src/Application/OrdensServico/Services/OrdemServicoService.cs	false	{startLine=181.0, endLine=181.0, startOffset=18.0, endOffset=74.0}	20min	36f97b7103f81c86a51b086ac4b1e6e0	OPEN
2026-05-08T11:39:53+0000	35.0	csharpsquid:S112	fiap-pos	20min	CODE_SMELL	COMPLETE		OPEN		MAIN	-	536e073a-f18b-4848-9f77-8ea5f9f6cf86	MAJOR		kenjigashu@gmail.com	false	INTENTIONAL	NOT_LINKED		"{softwareQuality=MAINTAINABILITY, severity=MEDIUM} / "	'System.Exception' should not be thrown by user code.	2026-05-06T22:01:52+0000	false	"cwe / error-handling / "		fiap-pos:src/Application/OrdensServico/Services/VeiculoService.cs	false	{startLine=35.0, endLine=35.0, startOffset=18.0, endOffset=57.0}	20min	8e65840d7af2ceed7bbb00727cac300e	OPEN
2026-05-08T11:39:53+0000	51.0	csharpsquid:S112	fiap-pos	20min	CODE_SMELL	COMPLETE		OPEN		MAIN	-	3a9b345e-ab0d-44d4-8448-fa6e64b2009e	MAJOR		kenjigashu@gmail.com	false	INTENTIONAL	NOT_LINKED		"{softwareQuality=MAINTAINABILITY, severity=MEDIUM} / "	'System.Exception' should not be thrown by user code.	2026-05-06T22:01:52+0000	false	"cwe / error-handling / "		fiap-pos:src/Application/OrdensServico/Services/VeiculoService.cs	false	{startLine=51.0, endLine=51.0, startOffset=18.0, endOffset=66.0}	20min	d65fff490bf72b33b0968c4b6ccc480a	OPEN
2026-05-08T11:39:53+0000	39.0	external_roslyn:CA1827	fiap-pos	0min	CODE_SMELL	CONVENTIONAL		OPEN		MAIN	roslyn	eebc23ed-bbb7-4831-a3b3-cd4fb4e4b111	INFO		kenjigashu@gmail.com	false	CONSISTENT	NOT_LINKED		"{softwareQuality=MAINTAINABILITY, severity=INFO} / "	Count() is used where Any() could be used instead to improve performance	2026-05-06T22:01:52+0000	false			fiap-pos:src/Infrastructure/Data/DbInitializer.cs	false	{startLine=39.0, endLine=39.0, startOffset=12.0, endOffset=47.0}	0min	6cbe938620ecac8e7195547e16eced6f	OPEN
2026-05-08T11:39:53+0000	68.0	external_roslyn:CA1827	fiap-pos	0min	CODE_SMELL	CONVENTIONAL		OPEN		MAIN	roslyn	d898a159-fb27-4cda-94ac-096e272a4875	INFO		kenjigashu@gmail.com	false	CONSISTENT	NOT_LINKED		"{softwareQuality=MAINTAINABILITY, severity=INFO} / "	Count() is used where Any() could be used instead to improve performance	2026-05-06T22:01:52+0000	false			fiap-pos:src/Infrastructure/Data/DbInitializer.cs	false	{startLine=68.0, endLine=68.0, startOffset=12.0, endOffset=47.0}	0min	065b6996ba922a0301a5cba33b624e91	OPEN
2026-05-08T11:39:53+0000	75.0	external_roslyn:CS8602	fiap-pos	0min	CODE_SMELL	CONVENTIONAL		OPEN		MAIN	roslyn	fc3688f4-60c3-4e0e-bcd5-5b52545ea37a	MAJOR		kenjigashu@gmail.com	false	CONSISTENT	NOT_LINKED		"{softwareQuality=MAINTAINABILITY, severity=MEDIUM} / "	Dereference of a possibly null reference.	2026-05-06T22:01:52+0000	false			fiap-pos:src/Infrastructure/Data/DbInitializer.cs	false	{startLine=75.0, endLine=75.0, startOffset=32.0, endOffset=39.0}	0min	2cbcc79491fa68be17b84d82f1f0137c	OPEN
2026-05-08T11:39:53+0000	77.0	external_roslyn:CS8602	fiap-pos	0min	CODE_SMELL	CONVENTIONAL		OPEN		MAIN	roslyn	167cabff-c00b-4ffd-9b64-d76f4c69146b	MAJOR		kenjigashu@gmail.com	false	CONSISTENT	NOT_LINKED		"{softwareQuality=MAINTAINABILITY, severity=MEDIUM} / "	Dereference of a possibly null reference.	2026-05-06T22:01:52+0000	false			fiap-pos:src/Infrastructure/Data/DbInitializer.cs	false	{startLine=77.0, endLine=77.0, startOffset=33.0, endOffset=40.0}	0min	d3f97defb8333360b2ed5ee3f44ab7e1	OPEN
2026-05-08T11:39:53+0000	79.0	external_roslyn:CS8602	fiap-pos	0min	CODE_SMELL	CONVENTIONAL		OPEN		MAIN	roslyn	733a580d-e809-4ab0-b217-5c8cac016c52	MAJOR		kenjigashu@gmail.com	false	CONSISTENT	NOT_LINKED		"{softwareQuality=MAINTAINABILITY, severity=MEDIUM} / "	Dereference of a possibly null reference.	2026-05-06T22:01:52+0000	false			fiap-pos:src/Infrastructure/Data/DbInitializer.cs	false	{startLine=79.0, endLine=79.0, startOffset=33.0, endOffset=40.0}	0min	6d6feda3282a496c31361d30a05756a6	OPEN
2026-05-08T11:39:53+0000	86.0	external_roslyn:CA1827	fiap-pos	0min	CODE_SMELL	CONVENTIONAL		OPEN		MAIN	roslyn	ba030196-2bed-4c87-8559-ab9f64be5d78	INFO		kenjigashu@gmail.com	false	CONSISTENT	NOT_LINKED		"{softwareQuality=MAINTAINABILITY, severity=INFO} / "	Count() is used where Any() could be used instead to improve performance	2026-05-06T22:01:52+0000	false			fiap-pos:src/Infrastructure/Data/DbInitializer.cs	false	{startLine=86.0, endLine=86.0, startOffset=12.0, endOffset=47.0}	0min	df002d502094f7a66e86f0509b8e8016	OPEN
2026-05-08T11:39:53+0000	98.0	external_roslyn:CA1827	fiap-pos	0min	CODE_SMELL	CONVENTIONAL		OPEN		MAIN	roslyn	c98663c1-a107-4916-9543-3b107812dbcf	INFO		kenjigashu@gmail.com	false	CONSISTENT	NOT_LINKED		"{softwareQuality=MAINTAINABILITY, severity=INFO} / "	Count() is used where Any() could be used instead to improve performance	2026-05-06T22:01:52+0000	false			fiap-pos:src/Infrastructure/Data/DbInitializer.cs	false	{startLine=98.0, endLine=98.0, startOffset=12.0, endOffset=44.0}	0min	19e4d357642b37c0bcfa01f947aa4dbd	OPEN
2026-05-08T11:39:53+0000	110.0	external_roslyn:CA1827	fiap-pos	0min	CODE_SMELL	CONVENTIONAL		OPEN		MAIN	roslyn	39feaebd-8b59-40f7-b807-84ed47735943	INFO		kenjigashu@gmail.com	false	CONSISTENT	NOT_LINKED		"{softwareQuality=MAINTAINABILITY, severity=INFO} / "	Count() is used where Any() could be used instead to improve performance	2026-05-06T22:01:52+0000	false			fiap-pos:src/Infrastructure/Data/DbInitializer.cs	false	{startLine=110.0, endLine=110.0, startOffset=12.0, endOffset=47.0}	0min	c6a8934cc489bb522d8cc6e99d332e14	OPEN
2026-05-08T11:39:53+0000	122.0	external_roslyn:CA1827	fiap-pos	0min	CODE_SMELL	CONVENTIONAL		OPEN		MAIN	roslyn	fdd54e06-a98d-4415-b0e0-5448b083f6ba	INFO		kenjigashu@gmail.com	false	CONSISTENT	NOT_LINKED		"{softwareQuality=MAINTAINABILITY, severity=INFO} / "	Count() is used where Any() could be used instead to improve performance	2026-05-06T22:01:52+0000	false			fiap-pos:src/Infrastructure/Data/DbInitializer.cs	false	{startLine=122.0, endLine=122.0, startOffset=12.0, endOffset=52.0}	0min	486c849e4a332ecd061f8e3bf4abb2e0	OPEN
2026-05-08T11:39:53+0000	44.0	csharpsquid:S112	fiap-pos	20min	CODE_SMELL	COMPLETE		OPEN		MAIN	-	e0d4a6cf-ef60-4a91-accf-dc2961540cbc	MAJOR		kenjigashu@gmail.com	false	INTENTIONAL	NOT_LINKED		"{softwareQuality=MAINTAINABILITY, severity=MEDIUM} / "	'System.Exception' should not be thrown by user code.	2026-05-01T13:27:13+0000	false	"cwe / error-handling / "		fiap-pos:src/Application/Estoque/Services/EstoqueService.cs	false	{startLine=44.0, endLine=44.0, startOffset=18.0, endOffset=54.0}	20min	75814cb85bfbee3c761760cb43adebd9	OPEN
2026-05-08T11:39:53+0000	17.0	csharpsquid:S112	fiap-pos	20min	CODE_SMELL	COMPLETE		OPEN		MAIN	-	3c799525-e6b2-4ab1-afde-66911fddce25	MAJOR		kenjigashu@gmail.com	false	INTENTIONAL	NOT_LINKED		"{softwareQuality=MAINTAINABILITY, severity=MEDIUM} / "	'System.Exception' should not be thrown by user code.	2026-05-01T13:27:13+0000	false	"cwe / error-handling / "		fiap-pos:src/Application/Identidade/Services/JwtService.cs	false	{startLine=17.0, endLine=17.0, startOffset=18.0, endOffset=53.0}	20min	e965d44a2b000618ff804dbae65b28ad	OPEN
2026-05-08T11:39:53+0000	22.0	external_roslyn:CA1822	fiap-pos	0min	CODE_SMELL	CONVENTIONAL		OPEN		TEST	roslyn	8b66c5a2-c419-4a85-b7b1-6d2de7b71583	INFO		kenjigashu@gmail.com	false	CONSISTENT	NOT_LINKED		"{softwareQuality=MAINTAINABILITY, severity=INFO} / "	Member 'HashPassword' does not access instance data and can be marked as static	2026-05-01T13:27:13+0000	false			fiap-pos:tests/Integration/Fixture/CustomWebApplicationFactory.cs	false	{startLine=22.0, endLine=22.0, startOffset=11.0, endOffset=23.0}	0min	6a7d464353df7ee23091241c9539acd5	OPEN
2026-05-08T11:39:53+0000	50.0	external_roslyn:CA1827	fiap-pos	0min	CODE_SMELL	CONVENTIONAL		OPEN		TEST	roslyn	2e5287cd-500d-4996-b367-d5a661e03af1	INFO		kenjigashu@gmail.com	false	CONSISTENT	NOT_LINKED		"{softwareQuality=MAINTAINABILITY, severity=INFO} / "	Count() is used where Any() could be used instead to improve performance	2026-05-01T13:27:13+0000	false			fiap-pos:tests/Integration/Fixture/CustomWebApplicationFactory.cs	false	{startLine=50.0, endLine=50.0, startOffset=12.0, endOffset=47.0}	0min	6cbe938620ecac8e7195547e16eced6f	OPEN
2026-05-08T11:39:53+0000	79.0	external_roslyn:CA1827	fiap-pos	0min	CODE_SMELL	CONVENTIONAL		OPEN		TEST	roslyn	e87053dc-5c5e-4aff-af42-3b0cbcff4888	INFO		kenjigashu@gmail.com	false	CONSISTENT	NOT_LINKED		"{softwareQuality=MAINTAINABILITY, severity=INFO} / "	Count() is used where Any() could be used instead to improve performance	2026-05-01T13:27:13+0000	false			fiap-pos:tests/Integration/Fixture/CustomWebApplicationFactory.cs	false	{startLine=79.0, endLine=79.0, startOffset=12.0, endOffset=47.0}	0min	065b6996ba922a0301a5cba33b624e91	OPEN
2026-05-08T11:39:53+0000	86.0	external_roslyn:CS8602	fiap-pos	0min	CODE_SMELL	CONVENTIONAL		OPEN		TEST	roslyn	e06fa1e8-78c0-451e-a3ad-86e0a753a229	MAJOR		kenjigashu@gmail.com	false	CONSISTENT	NOT_LINKED		"{softwareQuality=MAINTAINABILITY, severity=MEDIUM} / "	Dereference of a possibly null reference.	2026-05-01T13:27:13+0000	false			fiap-pos:tests/Integration/Fixture/CustomWebApplicationFactory.cs	false	{startLine=86.0, endLine=86.0, startOffset=32.0, endOffset=39.0}	0min	2cbcc79491fa68be17b84d82f1f0137c	OPEN
2026-05-08T11:39:53+0000	88.0	external_roslyn:CS8602	fiap-pos	0min	CODE_SMELL	CONVENTIONAL		OPEN		TEST	roslyn	bf6e6065-a1f7-4f37-95e5-1ef31c2c835b	MAJOR		kenjigashu@gmail.com	false	CONSISTENT	NOT_LINKED		"{softwareQuality=MAINTAINABILITY, severity=MEDIUM} / "	Dereference of a possibly null reference.	2026-05-01T13:27:13+0000	false			fiap-pos:tests/Integration/Fixture/CustomWebApplicationFactory.cs	false	{startLine=88.0, endLine=88.0, startOffset=33.0, endOffset=40.0}	0min	d3f97defb8333360b2ed5ee3f44ab7e1	OPEN
2026-05-08T11:39:53+0000	90.0	external_roslyn:CS8602	fiap-pos	0min	CODE_SMELL	CONVENTIONAL		OPEN		TEST	roslyn	453c16cb-a3ad-4b44-bb73-2ed7aa0fe287	MAJOR		kenjigashu@gmail.com	false	CONSISTENT	NOT_LINKED		"{softwareQuality=MAINTAINABILITY, severity=MEDIUM} / "	Dereference of a possibly null reference.	2026-05-01T13:27:13+0000	false			fiap-pos:tests/Integration/Fixture/CustomWebApplicationFactory.cs	false	{startLine=90.0, endLine=90.0, startOffset=33.0, endOffset=40.0}	0min	6d6feda3282a496c31361d30a05756a6	OPEN
2026-05-08T11:39:53+0000	97.0	external_roslyn:CA1827	fiap-pos	0min	CODE_SMELL	CONVENTIONAL		OPEN		TEST	roslyn	abbe92ff-18d1-4e8b-bf4e-74eb39641eb6	INFO		kenjigashu@gmail.com	false	CONSISTENT	NOT_LINKED		"{softwareQuality=MAINTAINABILITY, severity=INFO} / "	Count() is used where Any() could be used instead to improve performance	2026-05-01T13:27:13+0000	false			fiap-pos:tests/Integration/Fixture/CustomWebApplicationFactory.cs	false	{startLine=97.0, endLine=97.0, startOffset=12.0, endOffset=47.0}	0min	df002d502094f7a66e86f0509b8e8016	OPEN
2026-05-08T11:39:53+0000	109.0	external_roslyn:CA1827	fiap-pos	0min	CODE_SMELL	CONVENTIONAL		OPEN		TEST	roslyn	fb3e2e31-6968-4dd3-bc34-27ac05d1882c	INFO		kenjigashu@gmail.com	false	CONSISTENT	NOT_LINKED		"{softwareQuality=MAINTAINABILITY, severity=INFO} / "	Count() is used where Any() could be used instead to improve performance	2026-05-01T13:27:13+0000	false			fiap-pos:tests/Integration/Fixture/CustomWebApplicationFactory.cs	false	{startLine=109.0, endLine=109.0, startOffset=12.0, endOffset=44.0}	0min	19e4d357642b37c0bcfa01f947aa4dbd	OPEN
2026-05-08T11:39:53+0000	121.0	external_roslyn:CA1827	fiap-pos	0min	CODE_SMELL	CONVENTIONAL		OPEN		TEST	roslyn	1d2de3f8-928e-4099-8e5f-9826acb227b9	INFO		kenjigashu@gmail.com	false	CONSISTENT	NOT_LINKED		"{softwareQuality=MAINTAINABILITY, severity=INFO} / "	Count() is used where Any() could be used instead to improve performance	2026-05-01T13:27:13+0000	false			fiap-pos:tests/Integration/Fixture/CustomWebApplicationFactory.cs	false	{startLine=121.0, endLine=121.0, startOffset=12.0, endOffset=47.0}	0min	c6a8934cc489bb522d8cc6e99d332e14	OPEN
2026-05-08T11:39:53+0000	133.0	external_roslyn:CA1827	fiap-pos	0min	CODE_SMELL	CONVENTIONAL		OPEN		TEST	roslyn	7ea12b01-7070-4bc7-a3ce-c072067cfb89	INFO		kenjigashu@gmail.com	false	CONSISTENT	NOT_LINKED		"{softwareQuality=MAINTAINABILITY, severity=INFO} / "	Count() is used where Any() could be used instead to improve performance	2026-05-01T13:27:13+0000	false			fiap-pos:tests/Integration/Fixture/CustomWebApplicationFactory.cs	false	{startLine=133.0, endLine=133.0, startOffset=12.0, endOffset=52.0}	0min	486c849e4a332ecd061f8e3bf4abb2e0	OPEN
2026-05-08T11:39:53+0000	147.0	external_roslyn:CA1827	fiap-pos	0min	CODE_SMELL	CONVENTIONAL		OPEN		TEST	roslyn	afd0052b-deff-4146-9e2d-e03e01d8b48b	INFO		kenjigashu@gmail.com	false	CONSISTENT	NOT_LINKED		"{softwareQuality=MAINTAINABILITY, severity=INFO} / "	Count() is used where Any() could be used instead to improve performance	2026-05-01T13:27:13+0000	false			fiap-pos:tests/Integration/Fixture/CustomWebApplicationFactory.cs	false	{startLine=147.0, endLine=147.0, startOffset=12.0, endOffset=59.0}	0min	f58a442ef99b3a4026fac62b4758a008	OPEN
2026-05-08T11:39:53+0000	178.0	external_roslyn:CA1827	fiap-pos	0min	CODE_SMELL	CONVENTIONAL		OPEN		TEST	roslyn	d85a64e3-1c6a-400c-bb31-8b220ad517b9	INFO		kenjigashu@gmail.com	false	CONSISTENT	NOT_LINKED		"{softwareQuality=MAINTAINABILITY, severity=INFO} / "	Count() is used where Any() could be used instead to improve performance	2026-05-01T13:27:13+0000	false			fiap-pos:tests/Integration/Fixture/CustomWebApplicationFactory.cs	false	{startLine=178.0, endLine=178.0, startOffset=12.0, endOffset=45.0}	0min	05b4fbd17ca48932aed77a2a996a7fa4	OPEN
2026-05-08T11:39:53+0000	19.0	external_roslyn:CS8602	fiap-pos	0min	CODE_SMELL	CONVENTIONAL		OPEN		TEST	roslyn	161345f1-c464-424f-8b2f-4676d30ffaf5	MAJOR		kenjigashu@gmail.com	false	CONSISTENT	NOT_LINKED		"{softwareQuality=MAINTAINABILITY, severity=MEDIUM} / "	Dereference of a possibly null reference.	2026-05-01T13:27:13+0000	false			fiap-pos:tests/Integration/Helpers/AuthHelper.cs	false	{startLine=19.0, endLine=19.0, startOffset=15.0, endOffset=19.0}	0min	f8733573db99bdf88a5833b5289f3484	OPEN
2026-05-08T11:39:53+0000	19.0	external_roslyn:CS8603	fiap-pos	0min	CODE_SMELL	CONVENTIONAL		OPEN		TEST	roslyn	8bcc01b6-72a2-42ee-b594-a8495f875d48	MAJOR		kenjigashu@gmail.com	false	CONSISTENT	NOT_LINKED		"{softwareQuality=MAINTAINABILITY, severity=MEDIUM} / "	Possible null reference return.	2026-05-01T13:27:13+0000	false			fiap-pos:tests/Integration/Helpers/AuthHelper.cs	false	{startLine=19.0, endLine=19.0, startOffset=15.0, endOffset=39.0}	0min	f8733573db99bdf88a5833b5289f3484	OPEN
2026-05-08T11:39:53+0000	53.0	external_roslyn:CS8604	fiap-pos	0min	CODE_SMELL	CONVENTIONAL		OPEN		TEST	roslyn	ca145d1f-31be-49c0-a9d1-93431c92910f	MAJOR		kenjigashu@gmail.com	false	CONSISTENT	NOT_LINKED		"{softwareQuality=MAINTAINABILITY, severity=MEDIUM} / "	Possible null reference argument for parameter 'source' in 'PecaResponseDto? Enumerable.FirstOrDefault<PecaResponseDto>(IEnumerable<PecaResponseDto> source)'.	2026-05-01T13:27:13+0000	false			fiap-pos:tests/Integration/Tests/EstoqueIntegrationTests.cs	false	{startLine=53.0, endLine=53.0, startOffset=19.0, endOffset=24.0}	0min	9ed331c3235ab71ad2d8d7b3c9639f10	OPEN
2026-05-08T11:39:53+0000	62.0	external_roslyn:CS8602	fiap-pos	0min	CODE_SMELL	CONVENTIONAL		OPEN		TEST	roslyn	1214fbac-5d1f-4341-b31c-c8d95d28b88e	MAJOR		kenjigashu@gmail.com	false	CONSISTENT	NOT_LINKED		"{softwareQuality=MAINTAINABILITY, severity=MEDIUM} / "	Dereference of a possibly null reference.	2026-05-01T13:27:13+0000	false			fiap-pos:tests/Integration/Tests/EstoqueIntegrationTests.cs	false	{startLine=62.0, endLine=62.0, startOffset=68.0, endOffset=72.0}	0min	dd388d879db3ae135acfbac0db1e8192	OPEN
2026-05-08T11:39:53+0000	72.0	external_roslyn:CS8602	fiap-pos	0min	CODE_SMELL	CONVENTIONAL		OPEN		TEST	roslyn	60ccd17b-6a83-4794-863a-6b1aeb39a5d4	MAJOR		kenjigashu@gmail.com	false	CONSISTENT	NOT_LINKED		"{softwareQuality=MAINTAINABILITY, severity=MEDIUM} / "	Dereference of a possibly null reference.	2026-05-01T13:27:13+0000	false			fiap-pos:tests/Integration/Tests/EstoqueIntegrationTests.cs	false	{startLine=72.0, endLine=72.0, startOffset=31.0, endOffset=42.0}	0min	09cad4cafd2b0fa0662921d0a0831ad6	OPEN
2026-05-08T11:39:53+0000	18.0	external_roslyn:CS8618	fiap-pos	0min	CODE_SMELL	CONVENTIONAL		OPEN	"{locations=[{component=fiap-pos:tests/Integration/Tests/MetricasIntegrationTests.cs, textRange={startLine=18.0, endLine=18.0, startOffset=22.0, endOffset=29.0}, msgFormattings=[]}]} / "	TEST	roslyn	955ff4e9-8d89-429b-ba11-3663d6df4e0e	MAJOR		kenjigashu@gmail.com	false	CONSISTENT	NOT_LINKED		"{softwareQuality=MAINTAINABILITY, severity=MEDIUM} / "	Non-nullable property 'Message' must contain a non-null value when exiting constructor. Consider adding the 'required' modifier or declaring the property as nullable.	2026-05-01T13:27:13+0000	false			fiap-pos:tests/Integration/Tests/MetricasIntegrationTests.cs	false	{startLine=18.0, endLine=18.0, startOffset=22.0, endOffset=29.0}	0min	562f67de780fc72e5c00c9a5817f6644	OPEN
2026-05-08T11:39:53+0000	19.0	external_roslyn:CS8618	fiap-pos	0min	CODE_SMELL	CONVENTIONAL		OPEN	"{locations=[{component=fiap-pos:tests/Integration/Tests/MetricasIntegrationTests.cs, textRange={startLine=19.0, endLine=19.0, startOffset=17.0, endOffset=21.0}, msgFormattings=[]}]} / "	TEST	roslyn	74ec8257-fec5-4741-b0cb-bb10f035d859	MAJOR		kenjigashu@gmail.com	false	CONSISTENT	NOT_LINKED		"{softwareQuality=MAINTAINABILITY, severity=MEDIUM} / "	Non-nullable property 'Data' must contain a non-null value when exiting constructor. Consider adding the 'required' modifier or declaring the property as nullable.	2026-05-01T13:27:13+0000	false			fiap-pos:tests/Integration/Tests/MetricasIntegrationTests.cs	false	{startLine=19.0, endLine=19.0, startOffset=17.0, endOffset=21.0}	0min	53681adea99daa7471efddcd21b0a114	OPEN
2026-05-08T11:39:53+0000	24.0	external_roslyn:CS8618	fiap-pos	0min	CODE_SMELL	CONVENTIONAL		OPEN	"{locations=[{component=fiap-pos:tests/Integration/Tests/MetricasIntegrationTests.cs, textRange={startLine=24.0, endLine=24.0, startOffset=22.0, endOffset=29.0}, msgFormattings=[]}]} / "	TEST	roslyn	2435e475-1799-49fe-af13-b571ce62e9dc	MAJOR		kenjigashu@gmail.com	false	CONSISTENT	NOT_LINKED		"{softwareQuality=MAINTAINABILITY, severity=MEDIUM} / "	Non-nullable property 'Message' must contain a non-null value when exiting constructor. Consider adding the 'required' modifier or declaring the property as nullable.	2026-05-01T13:27:13+0000	false			fiap-pos:tests/Integration/Tests/MetricasIntegrationTests.cs	false	{startLine=24.0, endLine=24.0, startOffset=22.0, endOffset=29.0}	0min	562f67de780fc72e5c00c9a5817f6644	OPEN
2026-05-08T11:39:53+0000	41.0	external_roslyn:CS8602	fiap-pos	0min	CODE_SMELL	CONVENTIONAL		OPEN		TEST	roslyn	090c6dc7-841c-4695-8604-f316f1930b9b	MAJOR		kenjigashu@gmail.com	false	CONSISTENT	NOT_LINKED		"{softwareQuality=MAINTAINABILITY, severity=MEDIUM} / "	Dereference of a possibly null reference.	2026-05-01T13:27:13+0000	false			fiap-pos:tests/Integration/Tests/MetricasIntegrationTests.cs	false	{startLine=41.0, endLine=41.0, startOffset=26.0, endOffset=34.0}	0min	ae359696abc5616c777711a8a4d4bfc4	OPEN
2026-05-08T11:39:53+0000	23.0	external_roslyn:CS8618	fiap-pos	0min	CODE_SMELL	CONVENTIONAL		OPEN	"{locations=[{component=fiap-pos:tests/Integration/Tests/OrdemServicoIntegrationTests.cs, textRange={startLine=23.0, endLine=23.0, startOffset=22.0, endOffset=29.0}, msgFormattings=[]}]} / "	TEST	roslyn	84648ce2-e066-418b-a0bc-a2d018962032	MAJOR		kenjigashu@gmail.com	false	CONSISTENT	NOT_LINKED		"{softwareQuality=MAINTAINABILITY, severity=MEDIUM} / "	Non-nullable property 'Message' must contain a non-null value when exiting constructor. Consider adding the 'required' modifier or declaring the property as nullable.	2026-05-01T13:27:13+0000	false			fiap-pos:tests/Integration/Tests/OrdemServicoIntegrationTests.cs	false	{startLine=23.0, endLine=23.0, startOffset=22.0, endOffset=29.0}	0min	562f67de780fc72e5c00c9a5817f6644	OPEN
2026-05-08T11:39:53+0000	24.0	external_roslyn:CS8618	fiap-pos	0min	CODE_SMELL	CONVENTIONAL		OPEN	"{locations=[{component=fiap-pos:tests/Integration/Tests/OrdemServicoIntegrationTests.cs, textRange={startLine=24.0, endLine=24.0, startOffset=17.0, endOffset=21.0}, msgFormattings=[]}]} / "	TEST	roslyn	78c00f61-2cd9-4303-835b-6f54b6adc248	MAJOR		kenjigashu@gmail.com	false	CONSISTENT	NOT_LINKED		"{softwareQuality=MAINTAINABILITY, severity=MEDIUM} / "	Non-nullable property 'Data' must contain a non-null value when exiting constructor. Consider adding the 'required' modifier or declaring the property as nullable.	2026-05-01T13:27:13+0000	false			fiap-pos:tests/Integration/Tests/OrdemServicoIntegrationTests.cs	false	{startLine=24.0, endLine=24.0, startOffset=17.0, endOffset=21.0}	0min	53681adea99daa7471efddcd21b0a114	OPEN
2026-05-08T11:39:53+0000	29.0	external_roslyn:CS8618	fiap-pos	0min	CODE_SMELL	CONVENTIONAL		OPEN	"{locations=[{component=fiap-pos:tests/Integration/Tests/OrdemServicoIntegrationTests.cs, textRange={startLine=29.0, endLine=29.0, startOffset=22.0, endOffset=29.0}, msgFormattings=[]}]} / "	TEST	roslyn	4be62117-a875-48c8-a8b4-60988cfce09a	MAJOR		kenjigashu@gmail.com	false	CONSISTENT	NOT_LINKED		"{softwareQuality=MAINTAINABILITY, severity=MEDIUM} / "	Non-nullable property 'Message' must contain a non-null value when exiting constructor. Consider adding the 'required' modifier or declaring the property as nullable.	2026-05-01T13:27:13+0000	false			fiap-pos:tests/Integration/Tests/OrdemServicoIntegrationTests.cs	false	{startLine=29.0, endLine=29.0, startOffset=22.0, endOffset=29.0}	0min	562f67de780fc72e5c00c9a5817f6644	OPEN
2026-05-08T11:39:53+0000	35.0	external_roslyn:CS8618	fiap-pos	0min	CODE_SMELL	CONVENTIONAL		OPEN	"{locations=[{component=fiap-pos:tests/Integration/Tests/OrdemServicoIntegrationTests.cs, textRange={startLine=35.0, endLine=35.0, startOffset=22.0, endOffset=29.0}, msgFormattings=[]}]} / "	TEST	roslyn	0bb715d3-06db-4d85-8ff0-2583991f6dc9	MAJOR		kenjigashu@gmail.com	false	CONSISTENT	NOT_LINKED		"{softwareQuality=MAINTAINABILITY, severity=MEDIUM} / "	Non-nullable property 'Message' must contain a non-null value when exiting constructor. Consider adding the 'required' modifier or declaring the property as nullable.	2026-05-01T13:27:13+0000	false			fiap-pos:tests/Integration/Tests/OrdemServicoIntegrationTests.cs	false	{startLine=35.0, endLine=35.0, startOffset=22.0, endOffset=29.0}	0min	562f67de780fc72e5c00c9a5817f6644	OPEN
2026-05-08T11:39:53+0000	54.0	external_roslyn:CS8602	fiap-pos	0min	CODE_SMELL	CONVENTIONAL		OPEN		TEST	roslyn	72255a4e-aee8-4df8-89dc-72766374a9f5	MAJOR		kenjigashu@gmail.com	false	CONSISTENT	NOT_LINKED		"{softwareQuality=MAINTAINABILITY, severity=MEDIUM} / "	Dereference of a possibly null reference.	2026-05-01T13:27:13+0000	false			fiap-pos:tests/Integration/Tests/OrdemServicoIntegrationTests.cs	false	{startLine=54.0, endLine=54.0, startOffset=100.0, endOffset=102.0}	0min	3001b3c08e86ca8c98fde41c7f5f3d4a	OPEN
2026-05-08T11:39:53+0000	56.0	external_roslyn:CS8602	fiap-pos	0min	CODE_SMELL	CONVENTIONAL		OPEN		TEST	roslyn	222a2ac7-7d5c-4d88-90ff-e60c1bc37f94	MAJOR		kenjigashu@gmail.com	false	CONSISTENT	NOT_LINKED		"{softwareQuality=MAINTAINABILITY, severity=MEDIUM} / "	Dereference of a possibly null reference.	2026-05-01T13:27:13+0000	false			fiap-pos:tests/Integration/Tests/OrdemServicoIntegrationTests.cs	false	{startLine=56.0, endLine=56.0, startOffset=28.0, endOffset=36.0}	0min	4e5909f78aee964e860569a0705230a0	OPEN
2026-05-08T11:39:53+0000	69.0	external_roslyn:CS8602	fiap-pos	0min	CODE_SMELL	CONVENTIONAL		OPEN		TEST	roslyn	41925d23-e941-4381-b716-cb8efa82ae9c	MAJOR		kenjigashu@gmail.com	false	CONSISTENT	NOT_LINKED		"{softwareQuality=MAINTAINABILITY, severity=MEDIUM} / "	Dereference of a possibly null reference.	2026-05-01T13:27:13+0000	false			fiap-pos:tests/Integration/Tests/OrdemServicoIntegrationTests.cs	false	{startLine=69.0, endLine=69.0, startOffset=113.0, endOffset=115.0}	0min	675d4d4bc033e5eb27fa28690813c12b	OPEN
2026-05-08T11:39:53+0000	74.0	external_roslyn:CS8602	fiap-pos	0min	CODE_SMELL	CONVENTIONAL		OPEN		TEST	roslyn	2b303203-2d0e-45ab-84d6-dff3f841570e	MAJOR		kenjigashu@gmail.com	false	CONSISTENT	NOT_LINKED		"{softwareQuality=MAINTAINABILITY, severity=MEDIUM} / "	Dereference of a possibly null reference.	2026-05-01T13:27:13+0000	false			fiap-pos:tests/Integration/Tests/OrdemServicoIntegrationTests.cs	false	{startLine=74.0, endLine=74.0, startOffset=35.0, endOffset=43.0}	0min	d886e05057ad75932b63cdf94f7af386	OPEN
2026-05-08T11:39:53+0000	84.0	external_roslyn:CS8604	fiap-pos	0min	CODE_SMELL	CONVENTIONAL		OPEN		TEST	roslyn	75e06050-5a86-41af-80bd-574aeefa749b	MAJOR		kenjigashu@gmail.com	false	CONSISTENT	NOT_LINKED		"{softwareQuality=MAINTAINABILITY, severity=MEDIUM} / "	Possible null reference argument for parameter 'source' in 'ClienteResponseDto? Enumerable.FirstOrDefault<ClienteResponseDto>(IEnumerable<ClienteResponseDto> source)'.	2026-05-01T13:27:13+0000	false			fiap-pos:tests/Integration/Tests/OrdemServicoIntegrationTests.cs	false	{startLine=84.0, endLine=84.0, startOffset=22.0, endOffset=30.0}	0min	787c2df512d12adab532da92d2ef3f4d	OPEN
2026-05-08T11:39:53+0000	87.0	external_roslyn:CS8604	fiap-pos	0min	CODE_SMELL	CONVENTIONAL		OPEN		TEST	roslyn	209e4e6e-75c1-4192-ad5f-e5e68e58f889	MAJOR		kenjigashu@gmail.com	false	CONSISTENT	NOT_LINKED		"{softwareQuality=MAINTAINABILITY, severity=MEDIUM} / "	Possible null reference argument for parameter 'source' in 'VeiculoResponseDto? Enumerable.FirstOrDefault<VeiculoResponseDto>(IEnumerable<VeiculoResponseDto> source)'.	2026-05-01T13:27:13+0000	false			fiap-pos:tests/Integration/Tests/OrdemServicoIntegrationTests.cs	false	{startLine=87.0, endLine=87.0, startOffset=22.0, endOffset=30.0}	0min	3acdce8014d265bedee963dac1925559	OPEN
2026-05-08T11:39:53+0000	91.0	external_roslyn:CS8602	fiap-pos	0min	CODE_SMELL	CONVENTIONAL		OPEN		TEST	roslyn	7c96249f-6d11-4868-aee4-2d0cea448bb0	MAJOR		kenjigashu@gmail.com	false	CONSISTENT	NOT_LINKED		"{softwareQuality=MAINTAINABILITY, severity=MEDIUM} / "	Dereference of a possibly null reference.	2026-05-01T13:27:13+0000	false			fiap-pos:tests/Integration/Tests/OrdemServicoIntegrationTests.cs	false	{startLine=91.0, endLine=91.0, startOffset=24.0, endOffset=31.0}	0min	680c953dbf44f1d83071f45c1c900c67	OPEN
2026-05-08T11:39:53+0000	92.0	external_roslyn:CS8602	fiap-pos	0min	CODE_SMELL	CONVENTIONAL		OPEN		TEST	roslyn	89af38c1-80c6-4f29-bdb9-92664055ef72	MAJOR		kenjigashu@gmail.com	false	CONSISTENT	NOT_LINKED		"{softwareQuality=MAINTAINABILITY, severity=MEDIUM} / "	Dereference of a possibly null reference.	2026-05-01T13:27:13+0000	false			fiap-pos:tests/Integration/Tests/OrdemServicoIntegrationTests.cs	false	{startLine=92.0, endLine=92.0, startOffset=24.0, endOffset=31.0}	0min	e988ec7d515df0f2367f65160af5b385	OPEN
2026-05-08T11:39:53+0000	108.0	external_roslyn:CS8604	fiap-pos	0min	CODE_SMELL	CONVENTIONAL		OPEN		TEST	roslyn	55fb691d-87b5-4a07-bd4b-8f86e2f45cd4	MAJOR		kenjigashu@gmail.com	false	CONSISTENT	NOT_LINKED		"{softwareQuality=MAINTAINABILITY, severity=MEDIUM} / "	Possible null reference argument for parameter 'source' in 'PecaResponseDto? Enumerable.FirstOrDefault<PecaResponseDto>(IEnumerable<PecaResponseDto> source)'.	2026-05-01T13:27:13+0000	false			fiap-pos:tests/Integration/Tests/OrdemServicoIntegrationTests.cs	false	{startLine=108.0, endLine=108.0, startOffset=19.0, endOffset=24.0}	0min	9ed331c3235ab71ad2d8d7b3c9639f10	OPEN
2026-05-08T11:39:53+0000	112.0	external_roslyn:CS8602	fiap-pos	0min	CODE_SMELL	CONVENTIONAL		OPEN		TEST	roslyn	9f3ae16d-ee07-4d47-85c9-b1311de28ef1	MAJOR		kenjigashu@gmail.com	false	CONSISTENT	NOT_LINKED		"{softwareQuality=MAINTAINABILITY, severity=MEDIUM} / "	Dereference of a possibly null reference.	2026-05-01T13:27:13+0000	false			fiap-pos:tests/Integration/Tests/OrdemServicoIntegrationTests.cs	false	{startLine=112.0, endLine=112.0, startOffset=21.0, endOffset=25.0}	0min	c241b4f9b6a246fd2a256449bb5a7cf5	OPEN
2026-05-08T11:39:53+0000	124.0	external_roslyn:CS8602	fiap-pos	0min	CODE_SMELL	CONVENTIONAL		OPEN		TEST	roslyn	e8f60d18-a352-47cd-aa34-85d12ab7a35e	MAJOR		kenjigashu@gmail.com	false	CONSISTENT	NOT_LINKED		"{softwareQuality=MAINTAINABILITY, severity=MEDIUM} / "	Dereference of a possibly null reference.	2026-05-01T13:27:13+0000	false			fiap-pos:tests/Integration/Tests/OrdemServicoIntegrationTests.cs	false	{startLine=124.0, endLine=124.0, startOffset=29.0, endOffset=31.0}	0min	034747580f08cb52f3229e341fa70c93	OPEN
2026-05-08T11:39:53+0000	141.0	external_roslyn:CS8604	fiap-pos	0min	CODE_SMELL	CONVENTIONAL		OPEN		TEST	roslyn	4ec59f23-d18f-4e01-833a-c13d7d93e81b	MAJOR		kenjigashu@gmail.com	false	CONSISTENT	NOT_LINKED		"{softwareQuality=MAINTAINABILITY, severity=MEDIUM} / "	Possible null reference argument for parameter 'source' in 'ServicoResponseDto? Enumerable.FirstOrDefault<ServicoResponseDto>(IEnumerable<ServicoResponseDto> source)'.	2026-05-01T13:27:13+0000	false			fiap-pos:tests/Integration/Tests/OrdemServicoIntegrationTests.cs	false	{startLine=141.0, endLine=141.0, startOffset=22.0, endOffset=30.0}	0min	61cbb335c4401891089fbe0334253276	OPEN
2026-05-08T11:39:53+0000	145.0	external_roslyn:CS8602	fiap-pos	0min	CODE_SMELL	CONVENTIONAL		OPEN		TEST	roslyn	ee1d15ad-b61b-46bc-b3a9-177342bcda09	MAJOR		kenjigashu@gmail.com	false	CONSISTENT	NOT_LINKED		"{softwareQuality=MAINTAINABILITY, severity=MEDIUM} / "	Dereference of a possibly null reference.	2026-05-01T13:27:13+0000	false			fiap-pos:tests/Integration/Tests/OrdemServicoIntegrationTests.cs	false	{startLine=145.0, endLine=145.0, startOffset=24.0, endOffset=31.0}	0min	600c1249e1a1855f54c437814a9ee9a8	OPEN
2026-05-08T11:39:53+0000	155.0	external_roslyn:CS8602	fiap-pos	0min	CODE_SMELL	CONVENTIONAL		OPEN		TEST	roslyn	d38dfe8d-aec6-4947-9394-9c9ad5a0118e	MAJOR		kenjigashu@gmail.com	false	CONSISTENT	NOT_LINKED		"{softwareQuality=MAINTAINABILITY, severity=MEDIUM} / "	Dereference of a possibly null reference.	2026-05-01T13:27:13+0000	false			fiap-pos:tests/Integration/Tests/OrdemServicoIntegrationTests.cs	false	{startLine=155.0, endLine=155.0, startOffset=29.0, endOffset=31.0}	0min	034747580f08cb52f3229e341fa70c93	OPEN
2026-05-08T11:39:53+0000	176.0	external_roslyn:CS8602	fiap-pos	0min	CODE_SMELL	CONVENTIONAL		OPEN		TEST	roslyn	f58ba5ec-709d-487c-90f7-435bf9f9e446	MAJOR		kenjigashu@gmail.com	false	CONSISTENT	NOT_LINKED		"{softwareQuality=MAINTAINABILITY, severity=MEDIUM} / "	Dereference of a possibly null reference.	2026-05-01T13:27:13+0000	false			fiap-pos:tests/Integration/Tests/OrdemServicoIntegrationTests.cs	false	{startLine=176.0, endLine=176.0, startOffset=29.0, endOffset=31.0}	0min	034747580f08cb52f3229e341fa70c93	OPEN
2026-05-08T11:39:53+0000	202.0	external_roslyn:CS8602	fiap-pos	0min	CODE_SMELL	CONVENTIONAL		OPEN		TEST	roslyn	c0623533-9aae-4ee3-a54f-881fe6962e66	MAJOR		kenjigashu@gmail.com	false	CONSISTENT	NOT_LINKED		"{softwareQuality=MAINTAINABILITY, severity=MEDIUM} / "	Dereference of a possibly null reference.	2026-05-01T13:27:13+0000	false			fiap-pos:tests/Integration/Tests/OrdemServicoIntegrationTests.cs	false	{startLine=202.0, endLine=202.0, startOffset=81.0, endOffset=83.0}	0min	b2f3a4d678ddc092fe839cd76c441ccd	OPEN
2026-05-08T11:39:53+0000	209.0	external_roslyn:CS8602	fiap-pos	0min	CODE_SMELL	CONVENTIONAL		OPEN		TEST	roslyn	e22f608a-b5a1-404d-ac2b-4dce6b36b607	MAJOR		kenjigashu@gmail.com	false	CONSISTENT	NOT_LINKED		"{softwareQuality=MAINTAINABILITY, severity=MEDIUM} / "	Dereference of a possibly null reference.	2026-05-01T13:27:13+0000	false			fiap-pos:tests/Integration/Tests/OrdemServicoIntegrationTests.cs	false	{startLine=209.0, endLine=209.0, startOffset=48.0, endOffset=56.0}	0min	37b7961d22daee3e859134272dc739ad	OPEN
2026-05-08T11:39:53+0000	224.0	external_roslyn:CS8602	fiap-pos	0min	CODE_SMELL	CONVENTIONAL		OPEN		TEST	roslyn	c46e3109-4a26-46e4-8296-d6c9eeba5de1	MAJOR		kenjigashu@gmail.com	false	CONSISTENT	NOT_LINKED		"{softwareQuality=MAINTAINABILITY, severity=MEDIUM} / "	Dereference of a possibly null reference.	2026-05-01T13:27:13+0000	false			fiap-pos:tests/Integration/Tests/OrdemServicoIntegrationTests.cs	false	{startLine=224.0, endLine=224.0, startOffset=29.0, endOffset=31.0}	0min	034747580f08cb52f3229e341fa70c93	OPEN
2026-05-08T11:39:53+0000	245.0	external_roslyn:CS8602	fiap-pos	0min	CODE_SMELL	CONVENTIONAL		OPEN		TEST	roslyn	3b037647-1649-41a6-8fcf-4d741c976675	MAJOR		kenjigashu@gmail.com	false	CONSISTENT	NOT_LINKED		"{softwareQuality=MAINTAINABILITY, severity=MEDIUM} / "	Dereference of a possibly null reference.	2026-05-01T13:27:13+0000	false			fiap-pos:tests/Integration/Tests/OrdemServicoIntegrationTests.cs	false	{startLine=245.0, endLine=245.0, startOffset=29.0, endOffset=31.0}	0min	034747580f08cb52f3229e341fa70c93	OPEN
2026-05-08T11:39:53+0000	266.0	external_roslyn:CS8602	fiap-pos	0min	CODE_SMELL	CONVENTIONAL		OPEN		TEST	roslyn	4391b39d-17ff-467c-814c-a38094c865cf	MAJOR		kenjigashu@gmail.com	false	CONSISTENT	NOT_LINKED		"{softwareQuality=MAINTAINABILITY, severity=MEDIUM} / "	Dereference of a possibly null reference.	2026-05-01T13:27:13+0000	false			fiap-pos:tests/Integration/Tests/OrdemServicoIntegrationTests.cs	false	{startLine=266.0, endLine=266.0, startOffset=29.0, endOffset=31.0}	0min	034747580f08cb52f3229e341fa70c93	OPEN
2026-05-08T11:39:53+0000	287.0	external_roslyn:CS8602	fiap-pos	0min	CODE_SMELL	CONVENTIONAL		OPEN		TEST	roslyn	ac61b77a-2404-4691-b2b7-a49c081217e5	MAJOR		kenjigashu@gmail.com	false	CONSISTENT	NOT_LINKED		"{softwareQuality=MAINTAINABILITY, severity=MEDIUM} / "	Dereference of a possibly null reference.	2026-05-01T13:27:13+0000	false			fiap-pos:tests/Integration/Tests/OrdemServicoIntegrationTests.cs	false	{startLine=287.0, endLine=287.0, startOffset=29.0, endOffset=31.0}	0min	034747580f08cb52f3229e341fa70c93	OPEN
2026-05-08T11:39:53+0000	308.0	external_roslyn:CS8602	fiap-pos	0min	CODE_SMELL	CONVENTIONAL		OPEN		TEST	roslyn	fc1c69cd-4aec-40cd-a339-d2d71a123333	MAJOR		kenjigashu@gmail.com	false	CONSISTENT	NOT_LINKED		"{softwareQuality=MAINTAINABILITY, severity=MEDIUM} / "	Dereference of a possibly null reference.	2026-05-01T13:27:13+0000	false			fiap-pos:tests/Integration/Tests/OrdemServicoIntegrationTests.cs	false	{startLine=308.0, endLine=308.0, startOffset=29.0, endOffset=31.0}	0min	034747580f08cb52f3229e341fa70c93	OPEN
2026-05-08T11:39:53+0000	21.0	external_roslyn:CS1591	fiap-pos	0min	CODE_SMELL	CONVENTIONAL		OPEN		MAIN	roslyn	c7bbb8ad-3b8d-4df2-9301-b7a806755122	MAJOR		kenjigashu@gmail.com	false	CONSISTENT	NOT_LINKED		"{softwareQuality=MAINTAINABILITY, severity=MEDIUM} / "	Missing XML comment for publicly visible type or member 'MetricasController.MetricasController(IMetricaOrdemServicoService)'	2026-04-25T17:12:18+0000	false			fiap-pos:src/API/Metricas/Controllers/MetricasController.cs	false	{startLine=21.0, endLine=21.0, startOffset=11.0, endOffset=29.0}	0min	ba30e3f84ca75b6fb68f0c523eaff4fc	OPEN
2026-05-08T11:39:53+0000	12.0	csharpsquid:S2933	fiap-pos	2min	CODE_SMELL	CLEAR		OPEN		MAIN	-	f43072e0-14cd-4d70-953e-751ebcddad88	MAJOR		kenjigashu@gmail.com	false	INTENTIONAL	NOT_LINKED		"{softwareQuality=MAINTAINABILITY, severity=MEDIUM} / "	Make '_context' 'readonly'.	2026-04-25T17:12:18+0000	false	"confusing / "		fiap-pos:src/Infrastructure/Metricas/Repositories/MetricaOrdemServicoRepository.cs	false	{startLine=12.0, endLine=12.0, startOffset=17.0, endOffset=25.0}	2min	d44b66c9c3bdde1bb510bfe587574f68	OPEN
2026-05-08T11:39:53+0000	35.0	csharpsquid:S112	fiap-pos	20min	CODE_SMELL	COMPLETE		OPEN		MAIN	-	12a639a6-ba79-415c-9813-68c5c8012169	MAJOR		kenjigashu@gmail.com	false	INTENTIONAL	NOT_LINKED		"{softwareQuality=MAINTAINABILITY, severity=MEDIUM} / "	'System.Exception' should not be thrown by user code.	2026-04-25T17:12:18+0000	false	"cwe / error-handling / "		fiap-pos:src/Infrastructure/Metricas/Repositories/MetricaOrdemServicoRepository.cs	false	{startLine=35.0, endLine=35.0, startOffset=18.0, endOffset=69.0}	20min	36b5a270e11181e8ecb263b8e9d5ab8b	OPEN
2026-05-08T11:39:53+0000	43.0	csharpsquid:S112	fiap-pos	20min	CODE_SMELL	COMPLETE		OPEN		MAIN	-	5f648477-9acc-44d0-acf9-e194e771c86b	MAJOR		kenjigashu@gmail.com	false	INTENTIONAL	NOT_LINKED		"{softwareQuality=MAINTAINABILITY, severity=MEDIUM} / "	'System.Exception' should not be thrown by user code.	2026-04-25T17:12:18+0000	false	"cwe / error-handling / "		fiap-pos:src/Infrastructure/Metricas/Repositories/MetricaOrdemServicoRepository.cs	false	{startLine=43.0, endLine=43.0, startOffset=18.0, endOffset=69.0}	20min	4c25b01a27d24231a0d627a77549dc56	OPEN
2026-05-08T11:39:53+0000	54.0	csharpsquid:S112	fiap-pos	20min	CODE_SMELL	COMPLETE		OPEN		MAIN	-	d97052c7-c762-4aad-b743-4fe50681f498	MAJOR		kenjigashu@gmail.com	false	INTENTIONAL	NOT_LINKED		"{softwareQuality=MAINTAINABILITY, severity=MEDIUM} / "	'System.Exception' should not be thrown by user code.	2026-04-25T05:29:07+0000	false	"cwe / error-handling / "		fiap-pos:src/Application/OrdensServico/Services/ClienteService.cs	false	{startLine=54.0, endLine=54.0, startOffset=18.0, endOffset=57.0}	20min	28b9bfe6db6a9e2ad2fad70f09283c08	OPEN
2026-05-08T11:39:53+0000	247.0	csharpsquid:S112	fiap-pos	20min	CODE_SMELL	COMPLETE		OPEN		MAIN	-	c37b429d-9f95-4ec6-aa71-60a8686e493c	MAJOR		kenjigashu@gmail.com	false	INTENTIONAL	NOT_LINKED		"{softwareQuality=MAINTAINABILITY, severity=MEDIUM} / "	'System.Exception' should not be thrown by user code.	2026-04-25T05:29:07+0000	false	"cwe / error-handling / "		fiap-pos:src/Application/OrdensServico/Services/OrdemServicoService.cs	false	{startLine=247.0, endLine=247.0, startOffset=18.0, endOffset=65.0}	20min	e6c347010f76b9aaf4d0e98428905845	OPEN
2026-05-08T11:39:53+0000	24.0	external_roslyn:CS8603	fiap-pos	0min	CODE_SMELL	CONVENTIONAL		OPEN		MAIN	roslyn	6294e2e0-ee90-49de-a804-c235a372b1ea	MAJOR		kenjigashu@gmail.com	false	CONSISTENT	NOT_LINKED		"{softwareQuality=MAINTAINABILITY, severity=MEDIUM} / "	Possible null reference return.	2026-04-25T05:29:07+0000	false			fiap-pos:src/Infrastructure/OrdensServico/Repositories/VeiculoRepository.cs	false	{startLine=24.0, endLine=24.0, startOffset=11.0, endOffset=77.0}	0min	bea6133c5729915fc44b2ff81043f40c	OPEN
2026-05-08T11:39:53+0000	36.0	csharpsquid:S112	fiap-pos	20min	CODE_SMELL	COMPLETE		OPEN		MAIN	-	a6e0f099-dbb2-47f0-93a7-78f3d54e0119	MAJOR		kenjigashu@gmail.com	false	INTENTIONAL	NOT_LINKED		"{softwareQuality=MAINTAINABILITY, severity=MEDIUM} / "	'System.Exception' should not be thrown by user code.	2026-04-24T22:15:57+0000	false	"cwe / error-handling / "		fiap-pos:src/Application/OrdensServico/Services/ClienteService.cs	false	{startLine=36.0, endLine=36.0, startOffset=18.0, endOffset=57.0}	20min	28b9bfe6db6a9e2ad2fad70f09283c08	OPEN
2026-05-08T11:39:53+0000	112.0	external_roslyn:CS8601	fiap-pos	0min	CODE_SMELL	CONVENTIONAL		OPEN		MAIN	roslyn	878e6a9b-ded2-434c-a2e7-12ac62c1a2b6	MAJOR		kenjigashu@gmail.com	false	CONSISTENT	NOT_LINKED		"{softwareQuality=MAINTAINABILITY, severity=MEDIUM} / "	Possible null reference assignment.	2026-04-24T22:15:57+0000	false			fiap-pos:src/Application/OrdensServico/Services/OrdemServicoService.cs	false	{startLine=112.0, endLine=112.0, startOffset=27.0, endOffset=42.0}	0min	9b88115ed681bfa537706992df4874f0	OPEN
2026-05-08T11:39:53+0000	32.0	csharpsquid:S1144	fiap-pos	2min	CODE_SMELL	CLEAR		OPEN		MAIN	-	17e90d75-ed6d-4510-b8a8-7d4c358b88c9	MAJOR		kenjigashu@gmail.com	false	INTENTIONAL	NOT_LINKED		"{softwareQuality=MAINTAINABILITY, severity=MEDIUM} / "	Remove the unused private method 'hashPassword'.	2026-04-24T22:15:57+0000	false	"unused / "		fiap-pos:src/Infrastructure/Data/AppDbContext.cs	false	{startLine=32.0, endLine=32.0, startOffset=19.0, endOffset=31.0}	2min	75c0454f1b46ac1d271fcbf177a4eb7b	OPEN
2026-05-08T11:39:53+0000	32.0	csharpsquid:S2325	fiap-pos	5min	CODE_SMELL	CLEAR		OPEN		MAIN	-	58a45903-3c0e-42c5-ae44-1cb77ada0caf	MINOR		kenjigashu@gmail.com	false	INTENTIONAL	NOT_LINKED		"{softwareQuality=MAINTAINABILITY, severity=LOW} / "	Make 'hashPassword' a static method.	2026-04-24T22:15:57+0000	false	"pitfall / "		fiap-pos:src/Infrastructure/Data/AppDbContext.cs	false	{startLine=32.0, endLine=32.0, startOffset=19.0, endOffset=31.0}	5min	75c0454f1b46ac1d271fcbf177a4eb7b	OPEN
2026-05-08T11:39:53+0000	32.0	external_roslyn:CA1822	fiap-pos	0min	CODE_SMELL	CONVENTIONAL		OPEN		MAIN	roslyn	9d814aae-5167-4170-9eb9-b6d4509feeb5	INFO		kenjigashu@gmail.com	false	CONSISTENT	NOT_LINKED		"{softwareQuality=MAINTAINABILITY, severity=INFO} / "	Member 'hashPassword' does not access instance data and can be marked as static	2026-04-24T22:15:57+0000	false			fiap-pos:src/Infrastructure/Data/AppDbContext.cs	false	{startLine=32.0, endLine=32.0, startOffset=19.0, endOffset=31.0}	0min	75c0454f1b46ac1d271fcbf177a4eb7b	OPEN
2026-05-08T11:39:53+0000	63.0	csharpsquid:S112	fiap-pos	20min	CODE_SMELL	COMPLETE		OPEN		MAIN	-	df3b3bd7-34a5-48c5-9718-2d1a747a08f3	MAJOR		kenjigashu@gmail.com	false	INTENTIONAL	NOT_LINKED		"{softwareQuality=MAINTAINABILITY, severity=MEDIUM} / "	'System.Exception' should not be thrown by user code.	2026-04-24T22:15:57+0000	false	"cwe / error-handling / "		fiap-pos:src/Infrastructure/OrdensServico/Repositories/OrdemServicoRepository.cs	false	{startLine=63.0, endLine=63.0, startOffset=18.0, endOffset=63.0}	20min	191e14f59546a8c2d1a87fd8595c6fca	OPEN
2026-05-08T11:39:53+0000	23.0	external_roslyn:CS1591	fiap-pos	0min	CODE_SMELL	CONVENTIONAL		OPEN		MAIN	roslyn	140d8eec-1698-4149-adb2-7fa7f812ff6a	MAJOR		kenjigashu@gmail.com	false	CONSISTENT	NOT_LINKED		"{softwareQuality=MAINTAINABILITY, severity=MEDIUM} / "	Missing XML comment for publicly visible type or member 'IdentidadeController.IdentidadeController(IIdentidadeService)'	2026-04-23T01:16:07+0000	false			fiap-pos:src/API/Identidade/Controllers/IdentidadeController.cs	false	{startLine=23.0, endLine=23.0, startOffset=11.0, endOffset=31.0}	0min	d782d0581ab7f777ffe7fd7010729a68	OPEN
2026-05-08T11:39:53+0000	29.0	csharpsquid:S112	fiap-pos	20min	CODE_SMELL	COMPLETE		OPEN		MAIN	-	376d7f48-5f53-4131-92af-f526770dc60c	MAJOR		kenjigashu@gmail.com	false	INTENTIONAL	NOT_LINKED		"{softwareQuality=MAINTAINABILITY, severity=MEDIUM} / "	'System.Exception' should not be thrown by user code.	2026-04-23T01:16:07+0000	false	"cwe / error-handling / "		fiap-pos:src/Application/Identidade/Services/IdentidadeService.cs	false	{startLine=29.0, endLine=29.0, startOffset=18.0, endOffset=56.0}	20min	2d530c9d04b326c8c076a39efa2b8178	OPEN
2026-05-08T11:39:53+0000	5.0	csharpsquid:S1144	fiap-pos	2min	CODE_SMELL	CLEAR		OPEN		MAIN	-	e4bc3ddf-c237-4876-bb10-4fb86d800967	MAJOR		kenjigashu@gmail.com	false	INTENTIONAL	NOT_LINKED		"{softwareQuality=MAINTAINABILITY, severity=MEDIUM} / "	Remove the unused private setter 'set_Id'.	2026-04-23T01:16:07+0000	false	"unused / "		fiap-pos:src/Domain/Identidade/Entities/Role.cs	false	{startLine=5.0, endLine=5.0, startOffset=26.0, endOffset=38.0}	2min	5570542cfe825b8366b95724f7ac2a25	OPEN
2026-05-08T11:39:53+0000	5.0	csharpsquid:S1144	fiap-pos	2min	CODE_SMELL	CLEAR		OPEN		MAIN	-	4cd00ed0-e92d-47d9-9bae-4440addf1fd1	MAJOR		kenjigashu@gmail.com	false	INTENTIONAL	NOT_LINKED		"{softwareQuality=MAINTAINABILITY, severity=MEDIUM} / "	Remove the unused private setter 'set_Id'.	2026-04-23T01:16:07+0000	false	"unused / "		fiap-pos:src/Domain/Identidade/Entities/Usuario.cs	false	{startLine=5.0, endLine=5.0, startOffset=26.0, endOffset=38.0}	2min	5570542cfe825b8366b95724f7ac2a25	OPEN
2026-05-08T11:39:53+0000	25.0	external_roslyn:CA1859	fiap-pos	0min	CODE_SMELL	CONVENTIONAL		OPEN		TEST	roslyn	1c02deb6-8f84-435e-ad73-b91c6a7d4174	INFO		kenjigashu@gmail.com	false	CONSISTENT	NOT_LINKED		"{softwareQuality=MAINTAINABILITY, severity=INFO} / "	Change type of field 'service' from 'Gashu.SistemaMecanica.Application.OrdensServico.Interfaces.IOrdemServicoService' to 'Gashu.SistemaMecanica.Application.OrdensServico.Services.OrdemServicoService' for improved performance	2026-04-22T01:13:17+0000	false			fiap-pos:tests/Application/OrdensServico/OrdemServicoServiceTests.cs	false	{startLine=25.0, endLine=25.0, startOffset=25.0, endOffset=32.0}	0min	5fb37c476e713ebf4c31fe2a05bf3203	OPEN
2026-05-08T11:39:53+0000	17.0	external_roslyn:CS1591	fiap-pos	0min	CODE_SMELL	CONVENTIONAL		OPEN		MAIN	roslyn	1aef297c-0a9c-4096-8cd3-1ae53d9d31a1	MAJOR		kenjigashu@gmail.com	false	CONSISTENT	NOT_LINKED		"{softwareQuality=MAINTAINABILITY, severity=MEDIUM} / "	Missing XML comment for publicly visible type or member 'OrdemServicoController.OrdemServicoController(IOrdemServicoService)'	2026-04-22T01:12:31+0000	false			fiap-pos:src/API/OrdensServico/Controllers/OrdemServicoController.cs	false	{startLine=17.0, endLine=17.0, startOffset=11.0, endOffset=33.0}	0min	58a4dea3bbb001f83f0a0b324539c66d	OPEN
2026-05-08T11:39:53+0000	27.0	csharpsquid:S112	fiap-pos	20min	CODE_SMELL	COMPLETE		OPEN		MAIN	-	2f352d30-7cec-41ca-b095-58194b5d5d9b	MAJOR		kenjigashu@gmail.com	false	INTENTIONAL	NOT_LINKED		"{softwareQuality=MAINTAINABILITY, severity=MEDIUM} / "	'System.Exception' should not be thrown by user code.	2026-04-22T01:12:31+0000	false	"cwe / error-handling / "		fiap-pos:src/Infrastructure/OrdensServico/Repositories/TokenRepository.cs	false	{startLine=27.0, endLine=27.0, startOffset=18.0, endOffset=50.0}	20min	063690af77490bbddd5c8462c08b7fbe	OPEN
2026-05-08T11:39:53+0000	11.0	external_roslyn:CA1859	fiap-pos	0min	CODE_SMELL	CONVENTIONAL		OPEN		TEST	roslyn	0b01d7df-d8f5-48a4-8a5d-27d92045c259	INFO		kenjigashu@gmail.com	false	CONSISTENT	NOT_LINKED		"{softwareQuality=MAINTAINABILITY, severity=INFO} / "	Change type of field 'estoqueService' from 'Gashu.SistemaMecanica.Application.Estoque.Interfaces.IEstoqueService' to 'Gashu.SistemaMecanica.Application.Estoque.Services.EstoqueService' for improved performance	2026-04-21T16:12:55+0000	false			fiap-pos:tests/Application/Estoque/EstoqueServiceTests.cs	false	{startLine=11.0, endLine=11.0, startOffset=20.0, endOffset=34.0}	0min	8dc64f1f278c10b6c6a35b8074c5d56e	OPEN
2026-05-08T11:39:53+0000	11.0	external_roslyn:CA1859	fiap-pos	0min	CODE_SMELL	CONVENTIONAL		OPEN		TEST	roslyn	fea3bbe7-7f27-4e5e-b022-90869913225e	INFO		kenjigashu@gmail.com	false	CONSISTENT	NOT_LINKED		"{softwareQuality=MAINTAINABILITY, severity=INFO} / "	Change type of field 'notificacaoService' from 'Gashu.SistemaMecanica.Application.Notificacao.Interfaces.INotificacaoService' to 'Gashu.SistemaMecanica.Application.Notificacao.Services.NotificacaoService' for improved performance	2026-04-21T16:12:55+0000	false			fiap-pos:tests/Application/Notificacao/NotificacaoServiceTest.cs	false	{startLine=11.0, endLine=11.0, startOffset=24.0, endOffset=42.0}	0min	068051b00775f5ee1478959328a654d7	OPEN
2026-05-08T11:39:53+0000	22.0	external_roslyn:CS1591	fiap-pos	0min	CODE_SMELL	CONVENTIONAL		OPEN		MAIN	roslyn	4e969f45-87b4-45ee-942b-8d96d296e1a3	MAJOR		kenjigashu@gmail.com	false	CONSISTENT	NOT_LINKED		"{softwareQuality=MAINTAINABILITY, severity=MEDIUM} / "	Missing XML comment for publicly visible type or member 'ClienteController.ClienteController(IClienteService)'	2026-04-20T00:20:08+0000	false			fiap-pos:src/API/OrdensServico/Controllers/ClienteController.cs	false	{startLine=22.0, endLine=22.0, startOffset=11.0, endOffset=28.0}	0min	e662c3a51ff9815d2bfe52205c9fe847	OPEN
2026-05-08T11:39:53+0000	22.0	external_roslyn:CS1591	fiap-pos	0min	CODE_SMELL	CONVENTIONAL		OPEN		MAIN	roslyn	bb600040-0bd0-4cf3-ac5a-1cb91fdaaec0	MAJOR		kenjigashu@gmail.com	false	CONSISTENT	NOT_LINKED		"{softwareQuality=MAINTAINABILITY, severity=MEDIUM} / "	Missing XML comment for publicly visible type or member 'ServicoController.ServicoController(IServicoService)'	2026-04-20T00:20:08+0000	false			fiap-pos:src/API/OrdensServico/Controllers/ServicoController.cs	false	{startLine=22.0, endLine=22.0, startOffset=11.0, endOffset=28.0}	0min	7a67c2c0da8717c20a5225c5a55e70eb	OPEN
2026-05-08T11:39:53+0000	22.0	external_roslyn:CS1591	fiap-pos	0min	CODE_SMELL	CONVENTIONAL		OPEN		MAIN	roslyn	2ad2d35c-90c6-4399-a1b2-685bba238081	MAJOR		kenjigashu@gmail.com	false	CONSISTENT	NOT_LINKED		"{softwareQuality=MAINTAINABILITY, severity=MEDIUM} / "	Missing XML comment for publicly visible type or member 'VeiculoController.VeiculoController(IVeiculoService)'	2026-04-20T00:20:08+0000	false			fiap-pos:src/API/OrdensServico/Controllers/VeiculoController.cs	false	{startLine=22.0, endLine=22.0, startOffset=11.0, endOffset=28.0}	0min	1499ddc9fc1f3f582e3c984d0844eda3	OPEN
2026-05-08T11:39:53+0000	23.0	external_roslyn:CS1591	fiap-pos	0min	CODE_SMELL	CONVENTIONAL		OPEN		MAIN	roslyn	112eaa63-5f04-4313-8807-d68bde9d4395	MAJOR		kenjigashu@gmail.com	false	CONSISTENT	NOT_LINKED		"{softwareQuality=MAINTAINABILITY, severity=MEDIUM} / "	Missing XML comment for publicly visible type or member 'EstoqueController.EstoqueController(IEstoqueService)'	2026-04-19T22:31:29+0000	false			fiap-pos:src/API/Estoque/Controllers/EstoqueController.cs	false	{startLine=23.0, endLine=23.0, startOffset=11.0, endOffset=28.0}	0min	307b1104abadb031c55076b5f30867db	OPEN
2026-05-08T11:39:53+0000	59.0	csharpsquid:S112	fiap-pos	20min	CODE_SMELL	COMPLETE		OPEN		MAIN	-	00159382-c1c2-44ce-91ce-98160f290c97	MAJOR		kenjigashu@gmail.com	false	INTENTIONAL	NOT_LINKED		"{softwareQuality=MAINTAINABILITY, severity=MEDIUM} / "	'System.Exception' should not be thrown by user code.	2026-04-19T22:31:29+0000	false	"cwe / error-handling / "		fiap-pos:src/Application/Estoque/Services/EstoqueService.cs	false	{startLine=59.0, endLine=59.0, startOffset=18.0, endOffset=54.0}	20min	9284e675b59a33ab82ad3821dc57f6e9	OPEN
2026-05-08T11:39:53+0000	71.0	csharpsquid:S112	fiap-pos	20min	CODE_SMELL	COMPLETE		OPEN		MAIN	-	d55f3d3c-6c0c-4be4-8637-f7b79e95fb03	MAJOR		kenjigashu@gmail.com	false	INTENTIONAL	NOT_LINKED		"{softwareQuality=MAINTAINABILITY, severity=MEDIUM} / "	'System.Exception' should not be thrown by user code.	2026-04-19T22:31:29+0000	false	"cwe / error-handling / "		fiap-pos:src/Application/Estoque/Services/EstoqueService.cs	false	{startLine=71.0, endLine=71.0, startOffset=18.0, endOffset=54.0}	20min	9284e675b59a33ab82ad3821dc57f6e9	OPEN
2026-05-08T11:39:53+0000	225.0	csharpsquid:S112	fiap-pos	20min	CODE_SMELL	COMPLETE		OPEN		MAIN	-	21d05d4f-a139-49e5-be44-e3f72ca3536e	MAJOR		kenjigashu@gmail.com	false	INTENTIONAL	NOT_LINKED		"{softwareQuality=MAINTAINABILITY, severity=MEDIUM} / "	'System.Exception' should not be thrown by user code.	2026-04-19T19:04:22+0000	false	"cwe / error-handling / "		fiap-pos:src/Application/OrdensServico/Services/OrdemServicoService.cs	false	{startLine=225.0, endLine=225.0, startOffset=18.0, endOffset=65.0}	20min	e6c347010f76b9aaf4d0e98428905845	OPEN
2026-05-08T11:39:53+0000	18.0	external_roslyn:CS8618	fiap-pos	0min	CODE_SMELL	CONVENTIONAL		OPEN	"{locations=[{component=fiap-pos:src/Domain/OrdensServico/Entities/OrdemServicoPeca.cs, textRange={startLine=9.0, endLine=9.0, startOffset=23.0, endOffset=35.0}, msgFormattings=[]}]} / "	MAIN	roslyn	9ec8cd26-0497-4774-a055-2f6979b40cf5	MAJOR		kenjigashu@gmail.com	false	CONSISTENT	NOT_LINKED		"{softwareQuality=MAINTAINABILITY, severity=MEDIUM} / "	Non-nullable property 'OrdemServico' must contain a non-null value when exiting constructor. Consider adding the 'required' modifier or declaring the property as nullable.	2026-04-19T19:04:22+0000	false			fiap-pos:src/Domain/OrdensServico/Entities/OrdemServicoPeca.cs	false	{startLine=18.0, endLine=18.0, startOffset=10.0, endOffset=26.0}	0min	5d3dc67deea7fba974d51a1fa8637dd9	OPEN
2026-05-08T11:39:53+0000	15.0	external_roslyn:CS8618	fiap-pos	0min	CODE_SMELL	CONVENTIONAL		OPEN	"{locations=[{component=fiap-pos:src/Domain/OrdensServico/Entities/OrderServicoServico.cs, textRange={startLine=7.0, endLine=7.0, startOffset=18.0, endOffset=22.0}, msgFormattings=[]}]} / "	MAIN	roslyn	9cebe575-1e9f-4033-a477-fad73fa9e50a	MAJOR		kenjigashu@gmail.com	false	CONSISTENT	NOT_LINKED		"{softwareQuality=MAINTAINABILITY, severity=MEDIUM} / "	Non-nullable property 'Nome' must contain a non-null value when exiting constructor. Consider adding the 'required' modifier or declaring the property as nullable.	2026-04-19T19:04:22+0000	false			fiap-pos:src/Domain/OrdensServico/Entities/OrderServicoServico.cs	false	{startLine=15.0, endLine=15.0, startOffset=14.0, endOffset=33.0}	0min	22f551ed5b5a108a44a6b19c3e1adf9f	OPEN
2026-05-08T11:39:53+0000	17.0	external_roslyn:CS8618	fiap-pos	0min	CODE_SMELL	CONVENTIONAL		OPEN	"{locations=[{component=fiap-pos:src/Domain/OrdensServico/Entities/OrderServicoServico.cs, textRange={startLine=10.0, endLine=10.0, startOffset=24.0, endOffset=36.0}, msgFormattings=[]}]} / "	MAIN	roslyn	9efc7599-135f-4069-bc9b-b0bed34ce985	MAJOR		kenjigashu@gmail.com	false	CONSISTENT	NOT_LINKED		"{softwareQuality=MAINTAINABILITY, severity=MEDIUM} / "	Non-nullable property 'OrdemServico' must contain a non-null value when exiting constructor. Consider adding the 'required' modifier or declaring the property as nullable.	2026-04-19T19:04:22+0000	false			fiap-pos:src/Domain/OrdensServico/Entities/OrderServicoServico.cs	false	{startLine=17.0, endLine=17.0, startOffset=10.0, endOffset=29.0}	0min	ec370360ac40d5ab5e9c83f7536d8e02	OPEN
2026-05-08T11:39:53+0000	28.0	external_roslyn:CA1850	fiap-pos	0min	CODE_SMELL	CONVENTIONAL		OPEN	"{locations=[{component=fiap-pos:src/Domain/OrdensServico/Entities/Token.cs, textRange={startLine=26.0, endLine=26.0, startOffset=19.0, endOffset=43.0}, msgFormattings=[]}]} / "	MAIN	roslyn	79dd6c3c-902d-48a9-9601-89a02e8c7eec	INFO		kenjigashu@gmail.com	false	CONSISTENT	NOT_LINKED		"{softwareQuality=MAINTAINABILITY, severity=INFO} / "	Prefer static 'System.Security.Cryptography.SHA256.HashData' method over 'ComputeHash'	2026-04-19T19:04:22+0000	false			fiap-pos:src/Domain/OrdensServico/Entities/Token.cs	false	{startLine=28.0, endLine=28.0, startOffset=24.0, endOffset=75.0}	0min	14c8e4c36e71c8848566d63fc928df67	OPEN
2026-05-08T11:39:53+0000	17.0	csharpsquid:S112	fiap-pos	20min	CODE_SMELL	COMPLETE		OPEN		MAIN	-	cb4062dc-96e5-4a88-b5c0-1c22d84219d7	MAJOR		kenjigashu@gmail.com	false	INTENTIONAL	NOT_LINKED		"{softwareQuality=MAINTAINABILITY, severity=MEDIUM} / "	'System.Exception' should not be thrown by user code.	2026-04-19T19:04:22+0000	false	"cwe / error-handling / "		fiap-pos:src/Infrastructure/Notificacao/Services/CanalNotificacaoEmail.cs	false	{startLine=17.0, endLine=17.0, startOffset=10.0, endOffset=71.0}	20min	eaa6386dc8afb9dd9103338158c4a7c7	OPEN
2026-05-08T11:39:53+0000	44.0	external_roslyn:CA2200	fiap-pos	0min	CODE_SMELL	CONVENTIONAL		OPEN		MAIN	roslyn	20b98325-f2c3-40a5-832b-79caf565197c	MAJOR		kenjigashu@gmail.com	false	CONSISTENT	NOT_LINKED		"{softwareQuality=MAINTAINABILITY, severity=MEDIUM} / "	Re-throwing caught exception changes stack information	2026-04-19T19:04:22+0000	false			fiap-pos:src/Infrastructure/Notificacao/Services/CanalNotificacaoEmail.cs	false	{startLine=44.0, endLine=44.0, startOffset=4.0, endOffset=13.0}	0min	a652da59e2966389a9a2c080018de388	OPEN
2026-05-08T11:39:53+0000	44.0	csharpsquid:S3445	fiap-pos	2min	CODE_SMELL	CLEAR		OPEN		MAIN	-	8e660455-7a7e-4484-b611-0145ced2e368	MAJOR		kenjigashu@gmail.com	false	INTENTIONAL	NOT_LINKED		"{softwareQuality=MAINTAINABILITY, severity=MEDIUM} / "	Consider using 'throw;' to preserve the stack trace.	2026-04-19T19:04:22+0000	false	"error-handling / confusing / "		fiap-pos:src/Infrastructure/Notificacao/Services/CanalNotificacaoEmail.cs	false	{startLine=44.0, endLine=44.0, startOffset=4.0, endOffset=13.0}	2min	a652da59e2966389a9a2c080018de388	OPEN
2026-05-08T11:39:53+0000	80.0	external_roslyn:CS8601	fiap-pos	0min	CODE_SMELL	CONVENTIONAL		OPEN		MAIN	roslyn	dc86b5cf-78c2-4512-a85e-b219f1ad797f	MAJOR		kenjigashu@gmail.com	false	CONSISTENT	NOT_LINKED		"{softwareQuality=MAINTAINABILITY, severity=MEDIUM} / "	Possible null reference assignment.	2026-04-16T11:04:36+0000	false			fiap-pos:src/Application/OrdensServico/Services/OrdemServicoService.cs	false	{startLine=80.0, endLine=80.0, startOffset=23.0, endOffset=38.0}	0min	9b88115ed681bfa537706992df4874f0	OPEN
2026-05-08T11:39:53+0000	53.0	external_roslyn:CS8601	fiap-pos	0min	CODE_SMELL	CONVENTIONAL		OPEN		MAIN	roslyn	059831bb-863c-4596-9ef5-d641d4566369	MAJOR		kenjigashu@gmail.com	false	CONSISTENT	NOT_LINKED		"{softwareQuality=MAINTAINABILITY, severity=MEDIUM} / "	Possible null reference assignment.	2026-04-16T03:26:03+0000	false			fiap-pos:src/Application/OrdensServico/Services/OrdemServicoService.cs	false	{startLine=53.0, endLine=53.0, startOffset=23.0, endOffset=38.0}	0min	9b88115ed681bfa537706992df4874f0	OPEN
2026-05-08T11:39:53+0000	67.0	csharpsquid:S112	fiap-pos	20min	CODE_SMELL	COMPLETE		OPEN		MAIN	-	21c0a6cc-50c5-433f-8473-c6e593796493	MAJOR		kenjigashu@gmail.com	false	INTENTIONAL	NOT_LINKED		"{softwareQuality=MAINTAINABILITY, severity=MEDIUM} / "	'System.Exception' should not be thrown by user code.	2026-04-16T03:26:03+0000	false	"cwe / error-handling / "		fiap-pos:src/Domain/OrdensServico/Entities/OrdemServico.cs	false	{startLine=67.0, endLine=67.0, startOffset=18.0, endOffset=63.0}	20min	af11e7d2c1c52a2e2ac35e9542af5f27	OPEN
2026-05-08T11:39:53+0000	11.0	external_roslyn:CS8618	fiap-pos	0min	CODE_SMELL	CONVENTIONAL		OPEN	"{locations=[{component=fiap-pos:src/Domain/OrdensServico/Entities/Servico.cs, textRange={startLine=6.0, endLine=6.0, startOffset=18.0, endOffset=22.0}, msgFormattings=[]}]} / "	MAIN	roslyn	cb527455-6e97-4fbb-bd25-2fbafea17169	MAJOR		kenjigashu@gmail.com	false	CONSISTENT	NOT_LINKED		"{softwareQuality=MAINTAINABILITY, severity=MEDIUM} / "	Non-nullable property 'Nome' must contain a non-null value when exiting constructor. Consider adding the 'required' modifier or declaring the property as nullable.	2026-04-16T03:26:03+0000	false			fiap-pos:src/Domain/OrdensServico/Entities/Servico.cs	false	{startLine=11.0, endLine=11.0, startOffset=14.0, endOffset=21.0}	0min	c48891688eb7a662fe1f7b7bb17a1565	OPEN
2026-05-08T11:39:53+0000	13.0	external_roslyn:CS8618	fiap-pos	0min	CODE_SMELL	CONVENTIONAL		OPEN	"{locations=[{component=fiap-pos:src/Domain/OrdensServico/Entities/Servico.cs, textRange={startLine=9.0, endLine=9.0, startOffset=37.0, endOffset=57.0}, msgFormattings=[]}]} / "	MAIN	roslyn	61263f86-9105-464d-ab83-0c4fb519fb94	MAJOR		kenjigashu@gmail.com	false	CONSISTENT	NOT_LINKED		"{softwareQuality=MAINTAINABILITY, severity=MEDIUM} / "	Non-nullable property 'OrdemServicoServicos' must contain a non-null value when exiting constructor. Consider adding the 'required' modifier or declaring the property as nullable.	2026-04-16T03:26:03+0000	false			fiap-pos:src/Domain/OrdensServico/Entities/Servico.cs	false	{startLine=13.0, endLine=13.0, startOffset=11.0, endOffset=18.0}	0min	ffd00bf8ea46d2fb8743c52bd0d7eab2	OPEN
2026-05-08T11:39:53+0000	11.0	external_roslyn:CS8618	fiap-pos	0min	CODE_SMELL	CONVENTIONAL		OPEN	"{locations=[{component=fiap-pos:src/Domain/OrdensServico/Entities/Veiculo.cs, textRange={startLine=6.0, endLine=6.0, startOffset=18.0, endOffset=23.0}, msgFormattings=[]}]} / "	MAIN	roslyn	fcc084c8-6755-4fe8-a602-99540e55043e	MAJOR		kenjigashu@gmail.com	false	CONSISTENT	NOT_LINKED		"{softwareQuality=MAINTAINABILITY, severity=MEDIUM} / "	Non-nullable property 'Placa' must contain a non-null value when exiting constructor. Consider adding the 'required' modifier or declaring the property as nullable.	2026-04-16T03:26:03+0000	false			fiap-pos:src/Domain/OrdensServico/Entities/Veiculo.cs	false	{startLine=11.0, endLine=11.0, startOffset=14.0, endOffset=21.0}	0min	3b7b163165fbcf3d201bc3e3090327a8	OPEN
2026-05-08T11:39:53+0000	26.0	csharpsquid:S4136	fiap-pos	1min	CODE_SMELL	FORMATTED		OPEN	"{locations=[{component=fiap-pos:src/Infrastructure/OrdensServico/Repositories/OrdemServicoRepository.cs, textRange={startLine=98.0, endLine=98.0, startOffset=22.0, endOffset=36.0}, msg=Non-adjacent overload, msgFormattings=[]}]} / "	MAIN	-	947c0473-76b7-4261-9827-26ad16ddb989	MINOR		kenjigashu@gmail.com	false	CONSISTENT	NOT_LINKED		"{softwareQuality=MAINTAINABILITY, severity=LOW} / "	All 'AdicionarPecas' method overloads should be adjacent.	2026-04-16T03:26:03+0000	false	"convention / "		fiap-pos:src/Infrastructure/OrdensServico/Repositories/OrdemServicoRepository.cs	false	{startLine=26.0, endLine=26.0, startOffset=22.0, endOffset=36.0}	1min	f2097df57ccf89bc34685ae7e9cf8781	OPEN
2026-05-08T11:39:53+0000	84.0	csharpsquid:S125	fiap-pos	5min	CODE_SMELL	CLEAR		OPEN		MAIN	-	11217e03-043d-4890-aa3e-9b453f04daeb	MAJOR		kenjigashu@gmail.com	false	INTENTIONAL	NOT_LINKED		"{softwareQuality=MAINTAINABILITY, severity=MEDIUM} / "	Remove this commented out code.	2026-04-16T03:26:03+0000	false	"unused / "		fiap-pos:src/Infrastructure/OrdensServico/Repositories/OrdemServicoRepository.cs	false	{startLine=84.0, endLine=84.0, startOffset=8.0, endOffset=44.0}	5min	ceffc82f990451bb38c6b3519ae534af	OPEN
2026-05-08T11:39:53+0000	106.0	csharpsquid:S112	fiap-pos	20min	CODE_SMELL	COMPLETE		OPEN		MAIN	-	fc9da2f6-4780-40a1-a16d-2423cb62eac8	MAJOR		kenjigashu@gmail.com	false	INTENTIONAL	NOT_LINKED		"{softwareQuality=MAINTAINABILITY, severity=MEDIUM} / "	'System.Exception' should not be thrown by user code.	2026-04-16T03:26:03+0000	false	"cwe / error-handling / "		fiap-pos:src/Infrastructure/OrdensServico/Repositories/OrdemServicoRepository.cs	false	{startLine=106.0, endLine=106.0, startOffset=18.0, endOffset=57.0}	20min	61d03a4e9e497c9479b91de7dc4e9a04	OPEN
2026-05-08T11:39:53+0000	137.0	csharpsquid:S125	fiap-pos	5min	CODE_SMELL	CLEAR		OPEN		MAIN	-	68b9c693-43af-49a9-822c-78cdf49d5193	MAJOR		kenjigashu@gmail.com	false	INTENTIONAL	NOT_LINKED		"{softwareQuality=MAINTAINABILITY, severity=MEDIUM} / "	Remove this commented out code.	2026-04-16T03:26:03+0000	false	"unused / "		fiap-pos:src/Infrastructure/OrdensServico/Repositories/OrdemServicoRepository.cs	false	{startLine=137.0, endLine=137.0, startOffset=8.0, endOffset=52.0}	5min	6062a67e2a798bedc465a08e14c68c4a	OPEN
2026-05-08T11:39:53+0000	80.0	csharpsquid:S112	fiap-pos	20min	CODE_SMELL	COMPLETE		OPEN		MAIN	-	54a47664-ec77-4e1e-a681-49906a4a0bb9	MAJOR		kenjigashu@gmail.com	false	INTENTIONAL	NOT_LINKED		"{softwareQuality=MAINTAINABILITY, severity=MEDIUM} / "	'System.Exception' should not be thrown by user code.	2026-04-12T03:26:35+0000	false	"cwe / error-handling / "		fiap-pos:src/Application/OrdensServico/Services/ClienteService.cs	false	{startLine=80.0, endLine=80.0, startOffset=18.0, endOffset=57.0}	20min	61d03a4e9e497c9479b91de7dc4e9a04	OPEN
2026-05-08T11:39:53+0000	51.0	csharpsquid:S112	fiap-pos	20min	CODE_SMELL	COMPLETE		OPEN		MAIN	-	6f586bbf-6bbb-4b37-9e0b-e251ee494fda	MAJOR		kenjigashu@gmail.com	false	INTENTIONAL	NOT_LINKED		"{softwareQuality=MAINTAINABILITY, severity=MEDIUM} / "	'System.Exception' should not be thrown by user code.	2026-04-12T03:26:35+0000	false	"cwe / error-handling / "		fiap-pos:src/Application/OrdensServico/Services/ServicoService.cs	false	{startLine=51.0, endLine=51.0, startOffset=14.0, endOffset=53.0}	20min	61d03a4e9e497c9479b91de7dc4e9a04	OPEN
2026-05-08T11:39:53+0000	73.0	csharpsquid:S112	fiap-pos	20min	CODE_SMELL	COMPLETE		OPEN		MAIN	-	92a5e1f7-2fa7-4411-95fc-61f29fd3277d	MAJOR		kenjigashu@gmail.com	false	INTENTIONAL	NOT_LINKED		"{softwareQuality=MAINTAINABILITY, severity=MEDIUM} / "	'System.Exception' should not be thrown by user code.	2026-04-12T03:26:35+0000	false	"cwe / error-handling / "		fiap-pos:src/Application/OrdensServico/Services/VeiculoService.cs	false	{startLine=73.0, endLine=73.0, startOffset=18.0, endOffset=57.0}	20min	f14a104f737227df232f4c19471b908d	OPEN
2026-05-08T11:39:53+0000	18.0	csharpsquid:S112	fiap-pos	20min	CODE_SMELL	COMPLETE		OPEN		MAIN	-	0d10a440-4e18-432c-86e8-ac61a665c6d2	MAJOR		kenjigashu@gmail.com	false	INTENTIONAL	NOT_LINKED		"{softwareQuality=MAINTAINABILITY, severity=MEDIUM} / "	'System.Exception' should not be thrown by user code.	2026-04-12T03:26:35+0000	false	"cwe / error-handling / "		fiap-pos:src/Domain/Estoque/Entities/Peca.cs	false	{startLine=18.0, endLine=18.0, startOffset=18.0, endOffset=51.0}	20min	f3f1b17e6ebf752c98d274fecfb07bb4	OPEN
2026-05-08T11:39:53+0000	21.0	csharpsquid:S112	fiap-pos	20min	CODE_SMELL	COMPLETE		OPEN		MAIN	-	475aa025-3947-4c8d-b1e6-b795b86f2064	MAJOR		kenjigashu@gmail.com	false	INTENTIONAL	NOT_LINKED		"{softwareQuality=MAINTAINABILITY, severity=MEDIUM} / "	'System.Exception' should not be thrown by user code.	2026-04-12T03:26:35+0000	false	"cwe / error-handling / "		fiap-pos:src/Domain/Estoque/Entities/Peca.cs	false	{startLine=21.0, endLine=21.0, startOffset=18.0, endOffset=49.0}	20min	43bae323c6fdceacfab2bfec5f6ad80e	OPEN
2026-05-08T11:39:53+0000	24.0	csharpsquid:S112	fiap-pos	20min	CODE_SMELL	COMPLETE		OPEN		MAIN	-	5c2d33be-c4fa-4f9e-a856-ad47d047de36	MAJOR		kenjigashu@gmail.com	false	INTENTIONAL	NOT_LINKED		"{softwareQuality=MAINTAINABILITY, severity=MEDIUM} / "	'System.Exception' should not be thrown by user code.	2026-04-12T03:26:35+0000	false	"cwe / error-handling / "		fiap-pos:src/Domain/Estoque/Entities/Peca.cs	false	{startLine=24.0, endLine=24.0, startOffset=18.0, endOffset=54.0}	20min	6bfdbf5bb5fa677c75c3c50a668aa29d	OPEN
2026-05-08T11:39:53+0000	42.0	csharpsquid:S112	fiap-pos	20min	CODE_SMELL	COMPLETE		OPEN		MAIN	-	9f08e0a6-84b2-45c2-b79a-acad5bcd676a	MAJOR		kenjigashu@gmail.com	false	INTENTIONAL	NOT_LINKED		"{softwareQuality=MAINTAINABILITY, severity=MEDIUM} / "	'System.Exception' should not be thrown by user code.	2026-04-12T03:26:35+0000	false	"cwe / error-handling / "		fiap-pos:src/Domain/Estoque/Entities/Peca.cs	false	{startLine=42.0, endLine=42.0, startOffset=18.0, endOffset=54.0}	20min	6bfdbf5bb5fa677c75c3c50a668aa29d	OPEN
2026-05-08T11:39:53+0000	50.0	csharpsquid:S112	fiap-pos	20min	CODE_SMELL	COMPLETE		OPEN		MAIN	-	4ebeea5b-1b31-48bf-b72d-bee8ff406ed5	MAJOR		kenjigashu@gmail.com	false	INTENTIONAL	NOT_LINKED		"{softwareQuality=MAINTAINABILITY, severity=MEDIUM} / "	'System.Exception' should not be thrown by user code.	2026-04-12T03:26:35+0000	false	"cwe / error-handling / "		fiap-pos:src/Domain/Estoque/Entities/Peca.cs	false	{startLine=50.0, endLine=50.0, startOffset=18.0, endOffset=54.0}	20min	18bf60d92351f50c7bf1402a9d7d5a12	OPEN
2026-05-08T11:39:53+0000	53.0	csharpsquid:S112	fiap-pos	20min	CODE_SMELL	COMPLETE		OPEN		MAIN	-	becb008d-fd6e-4cd0-b5a0-770cb89f12b4	MAJOR		kenjigashu@gmail.com	false	INTENTIONAL	NOT_LINKED		"{softwareQuality=MAINTAINABILITY, severity=MEDIUM} / "	'System.Exception' should not be thrown by user code.	2026-04-12T03:26:35+0000	false	"cwe / error-handling / "		fiap-pos:src/Domain/Estoque/Entities/Peca.cs	false	{startLine=53.0, endLine=53.0, startOffset=18.0, endOffset=60.0}	20min	e7f0f147f8327a1282af0bddeed546cd	OPEN
2026-05-08T11:39:53+0000	32.0	csharpsquid:S112	fiap-pos	20min	CODE_SMELL	COMPLETE		OPEN		MAIN	-	e1ba7b20-f2ca-484d-9395-c58c9c03b714	MAJOR		kenjigashu@gmail.com	false	INTENTIONAL	NOT_LINKED		"{softwareQuality=MAINTAINABILITY, severity=MEDIUM} / "	'System.Exception' should not be thrown by user code.	2026-04-12T03:26:35+0000	false	"cwe / error-handling / "		fiap-pos:src/Domain/OrdensServico/Entities/Cliente.cs	false	{startLine=32.0, endLine=32.0, startOffset=18.0, endOffset=98.0}	20min	345e9c9ae47e0b7d87a2a18a26012bcd	OPEN
2026-05-08T11:39:53+0000	54.0	csharpsquid:S2325	fiap-pos	5min	CODE_SMELL	CLEAR		OPEN		MAIN	-	2b7ce66e-ecc5-461e-b702-3f48603e45cd	MINOR		kenjigashu@gmail.com	false	INTENTIONAL	NOT_LINKED		"{softwareQuality=MAINTAINABILITY, severity=LOW} / "	Make 'ValidarCpf' a static method.	2026-04-12T03:26:35+0000	false	"pitfall / "		fiap-pos:src/Domain/OrdensServico/Entities/Cliente.cs	false	{startLine=54.0, endLine=54.0, startOffset=13.0, endOffset=23.0}	5min	39fc437aec246ec323a99fb906b499ab	OPEN
2026-05-08T11:39:53+0000	54.0	external_roslyn:CA1822	fiap-pos	0min	CODE_SMELL	CONVENTIONAL		OPEN		MAIN	roslyn	c45e5e4f-5f21-47ee-9104-3012e34f8a45	INFO		kenjigashu@gmail.com	false	CONSISTENT	NOT_LINKED		"{softwareQuality=MAINTAINABILITY, severity=INFO} / "	Member 'ValidarCpf' does not access instance data and can be marked as static	2026-04-12T03:26:35+0000	false			fiap-pos:src/Domain/OrdensServico/Entities/Cliente.cs	false	{startLine=54.0, endLine=54.0, startOffset=13.0, endOffset=23.0}	0min	39fc437aec246ec323a99fb906b499ab	OPEN
2026-05-08T11:39:53+0000	96.0	external_roslyn:CA1822	fiap-pos	0min	CODE_SMELL	CONVENTIONAL		OPEN		MAIN	roslyn	6d5d77f2-9094-4a44-b048-7d8a47396783	INFO		kenjigashu@gmail.com	false	CONSISTENT	NOT_LINKED		"{softwareQuality=MAINTAINABILITY, severity=INFO} / "	Member 'ValidarCnpj' does not access instance data and can be marked as static	2026-04-12T03:26:35+0000	false			fiap-pos:src/Domain/OrdensServico/Entities/Cliente.cs	false	{startLine=96.0, endLine=96.0, startOffset=16.0, endOffset=27.0}	0min	633ad6e8b866733e364fa55bcdc7a64a	OPEN
2026-05-08T11:39:53+0000	96.0	csharpsquid:S2325	fiap-pos	5min	CODE_SMELL	CLEAR		OPEN		MAIN	-	d9d7e7e8-b3f5-4885-855b-7812dd81c925	MINOR		kenjigashu@gmail.com	false	INTENTIONAL	NOT_LINKED		"{softwareQuality=MAINTAINABILITY, severity=LOW} / "	Make 'ValidarCnpj' a static method.	2026-04-12T03:26:35+0000	false	"pitfall / "		fiap-pos:src/Domain/OrdensServico/Entities/Cliente.cs	false	{startLine=96.0, endLine=96.0, startOffset=16.0, endOffset=27.0}	5min	633ad6e8b866733e364fa55bcdc7a64a	OPEN
2026-05-08T11:39:53+0000	16.0	csharpsquid:S112	fiap-pos	20min	CODE_SMELL	COMPLETE		OPEN		MAIN	-	a3a433bc-456b-4736-92d8-89bbafa64480	MAJOR		kenjigashu@gmail.com	false	INTENTIONAL	NOT_LINKED		"{softwareQuality=MAINTAINABILITY, severity=MEDIUM} / "	'System.Exception' should not be thrown by user code.	2026-04-12T03:26:35+0000	false	"cwe / error-handling / "		fiap-pos:src/Domain/OrdensServico/Entities/Servico.cs	false	{startLine=16.0, endLine=16.0, startOffset=18.0, endOffset=51.0}	20min	f3f1b17e6ebf752c98d274fecfb07bb4	OPEN
2026-05-08T11:39:53+0000	19.0	csharpsquid:S112	fiap-pos	20min	CODE_SMELL	COMPLETE		OPEN		MAIN	-	7675b52a-5ce2-4cf8-876e-4c19c86fcf54	MAJOR		kenjigashu@gmail.com	false	INTENTIONAL	NOT_LINKED		"{softwareQuality=MAINTAINABILITY, severity=MEDIUM} / "	'System.Exception' should not be thrown by user code.	2026-04-12T03:26:35+0000	false	"cwe / error-handling / "		fiap-pos:src/Domain/OrdensServico/Entities/Servico.cs	false	{startLine=19.0, endLine=19.0, startOffset=18.0, endOffset=49.0}	20min	43bae323c6fdceacfab2bfec5f6ad80e	OPEN
2026-05-08T11:39:53+0000	16.0	csharpsquid:S112	fiap-pos	20min	CODE_SMELL	COMPLETE		OPEN		MAIN	-	9a9ca8fd-66b2-4a8f-8686-769503544836	MAJOR		kenjigashu@gmail.com	false	INTENTIONAL	NOT_LINKED		"{softwareQuality=MAINTAINABILITY, severity=MEDIUM} / "	'System.Exception' should not be thrown by user code.	2026-04-12T03:26:35+0000	false	"cwe / error-handling / "		fiap-pos:src/Domain/OrdensServico/Entities/Veiculo.cs	false	{startLine=16.0, endLine=16.0, startOffset=18.0, endOffset=52.0}	20min	1d1262e4441d381e3fac600f8c690997	OPEN
2026-05-08T11:39:53+0000	19.0	csharpsquid:S112	fiap-pos	20min	CODE_SMELL	COMPLETE		OPEN		MAIN	-	983b11cf-72f3-4251-8765-592a2b2fe98f	MAJOR		kenjigashu@gmail.com	false	INTENTIONAL	NOT_LINKED		"{softwareQuality=MAINTAINABILITY, severity=MEDIUM} / "	'System.Exception' should not be thrown by user code.	2026-04-12T03:26:35+0000	false	"cwe / error-handling / "		fiap-pos:src/Domain/OrdensServico/Entities/Veiculo.cs	false	{startLine=19.0, endLine=19.0, startOffset=18.0, endOffset=47.0}	20min	dd7af21dd46cffca1feaa004bdea39ed	OPEN
2026-05-08T11:39:53+0000	20.0	external_roslyn:CS8613	fiap-pos	0min	CODE_SMELL	CONVENTIONAL		OPEN		MAIN	roslyn	197cbbba-cfe7-415c-bed9-04ac8cb71755	MAJOR		kenjigashu@gmail.com	false	CONSISTENT	NOT_LINKED		"{softwareQuality=MAINTAINABILITY, severity=MEDIUM} / "	Nullability of reference types in return type of 'Task<Servico?> ServicoRepository.ObterPorId(Guid id)' doesn't match implicitly implemented member 'Task<Servico> IServicoRepository.ObterPorId(Guid id)'.	2026-04-12T03:26:35+0000	false			fiap-pos:src/Infrastructure/OrdensServico/Repositories/ServicoRepository.cs	false	{startLine=20.0, endLine=20.0, startOffset=32.0, endOffset=42.0}	0min	a843860f1006299d5f8d084d973ea2b7	OPEN
2026-05-08T11:39:53+0000	21.0	external_roslyn:CS8603	fiap-pos	0min	CODE_SMELL	CONVENTIONAL		OPEN		MAIN	roslyn	67973766-ee08-4a97-9f3a-7f765c54ae9c	MAJOR		kenjigashu@gmail.com	false	CONSISTENT	NOT_LINKED		"{softwareQuality=MAINTAINABILITY, severity=MEDIUM} / "	Possible null reference return.	2026-04-12T03:26:35+0000	false			fiap-pos:src/Infrastructure/OrdensServico/Repositories/VeiculoRepository.cs	false	{startLine=21.0, endLine=21.0, startOffset=11.0, endOffset=48.0}	0min	4cef40a046ff0881636af187208f2877	OPEN
